#station,latitude,longitude,elevevation
AB01,52.2095027786745,-174.204757778667,25.4839892299415
AB02,52.9706039552972,-168.854671492332,192.803422905288
AB04,63.6568628052471,-170.567443389811,136.547209727031
AB06,54.8853207889979,-163.423455258503,500.432691886664
AB07,55.349275064562,-160.476759561504,89.5715022778217
AB08,60.3848302998904,-166.200856831595,26.5100594056714
AB09,65.6149796385751,-168.062125358685,162.069978997451
AB11,64.5644945327641,-165.373458754461,349.426220907546
AB12,58.9507941515023,-161.746263678255,587.093774088543
AB13,56.3073255151047,-158.503796607275,487.821158404444
AB14,59.1081647090329,-159.091532615436,657.639214978615
AB15,61.0397512088791,-159.878361841717,560.32985601747
AB17,63.8863576984594,-160.694731407316,117.433012015569
AB18,66.8583616409422,-162.613508053705,37.1064435849136
AB21,51.8641491382811,-176.662649205674,59.4081567953647
AB22,59.899318170954,-154.698259155639,199.844787913565
AB25,62.9293087145294,-156.023391515602,961.048566521078
AB27,67.0558845507232,-156.904890183728,508.095050572921
AB28,62.0938132567839,-152.814918716712,1582.73756476869
AB33,67.2510108100061,-150.172545260083,334.768112591703
AB35,60.0790681272447,-142.389877387135,536.87102250266
AB36,65.0303966784583,-150.743985181213,816.539179401437
AB37,62.9673224394157,-145.451883152187,1136.65376598889
AB39,66.5593446554657,-145.212632382596,147.668598874538
AB41,64.7773245830326,-141.158068400168,285.953847512588
AB42,59.3403774983706,-138.89881792394,773.552325261625
AB43,58.1988419812243,-136.640811099493,27.1785188093537
AB44,59.5280382119922,-135.228299578951,304.389973649717
AB45,68.7604932508066,-148.871153088437,507.016912245268
AB46,68.1206701755953,-145.567902815172,647.877099187124
AB48,56.2450605152424,-134.646999690942,5.33397164696148
AB49,55.5801007985681,-133.068487899745,17.5437829392568
AB50,58.4167743749189,-134.545303086321,51.7806020901076
AB51,56.7976218811858,-132.913563411207,76.0083219445456
AB53,56.5847551576055,-132.867248149573,1016.29477843433
ABBZ,-77.456879,166.908938,1734.2656
ABVI,18.7296844578808,-64.3324846927356,-35.588804372332
AC02,56.9505864348168,-154.183048525829,126.876773440448
AC03,59.7706358341608,-151.86453400569,19.7302297200544
AC06,59.7636362833214,-150.890560307312,631.532929135072
AC07,65.96129136627,-161.286616500471,176.309279124471
AC08,58.928773587589,-153.644701153642,644.250704318162
AC09,59.8684795090631,-144.523852498018,368.919337240869
AC10,54.5225805622449,-164.886729682233,170.500607576186
AC11,61.8070785120394,-148.331752219957,790.938000463201
AC12,54.8309627797048,-159.589563877901,84.392985051423
AC13,55.8218984274737,-155.622404155515,222.701707767997
AC14,60.8487031591485,-147.999585219398,748.740925083312
AC15,60.4813329194356,-149.724010078961,151.54145743159
AC16,60.518206842967,-148.09323871992,34.0649327010433
AC17,60.663900373349,-152.403846882649,882.692795327406
AC18,58.925956500872,-152.249532335901,214.796563871106
AC19,62.5192119056794,-153.607333729306,546.529492644167
AC20,60.9292073981339,-149.352506971766,43.7660116696105
AC21,55.92108932422,-159.1277247491,170.937715384408
AC23,60.4750914831295,-150.877955663591,80.8767729148024
AC24,58.6815712918874,-156.652756249182,36.3646834410708
AC25,55.0889667122874,-162.314053769833,584.276663102859
AC26,58.2145543153491,-154.150293383028,190.179462176269
AC27,59.2525048377766,-154.162881600322,417.520845568295
AC28,55.0784901686092,-160.049162476352,365.102602275264
AC29,59.4295889176629,-146.339978249547,56.5851258889256
AC31,64.6379743282489,-162.239126541518,228.32778246404
AC32,61.4731192307386,-150.736918390681,1347.7698248938
AC33,62.6711762473816,-150.68507598412,1521.16281770908
AC34,57.2200272546063,-153.279181856343,103.272665368099
AC35,59.3758106502225,-150.793247653409,408.569335297648
AC36,60.9553160245173,-150.608349733692,46.5217205116422
AC37,60.4396853812072,-153.865383548507,1626.60897695738
AC38,57.7536845336911,-153.341875066774,43.8863930668449
AC39,58.6097178654336,-152.394074582632,157.246226022349
AC40,56.9303515584704,-158.618572818598,39.9068821869823
AC41,55.9086677009448,-160.407306735708,407.748834752397
AC42,54.4717752933564,-162.783652639479,257.913399719546
AC43,59.5212813481875,-149.628739100013,69.5718108273256
AC44,61.242172448168,-149.567127983538,832.184257185894
AC45,56.5644549407499,-154.180965433049,451.04100998503
AC46,61.9862673134776,-151.524002894831,619.79022316956
AC47,60.0814489236691,-152.623945193422,922.356033417482
AC48,60.6458645462988,-147.343021717668,379.523599636944
AC50,65.5538475112436,-164.56656969224,516.839732812761
AC51,61.4980811684199,-151.835349054053,957.457893519329
AC52,57.5672489479974,-157.574218586962,51.8311421924088
AC53,61.7689711892704,-150.06895490886,57.4878897498988
AC57,61.1385980768101,-145.742708115476,826.479836304847
AC58,57.1560867991308,-170.217820614157,19.3792855108704
AC59,59.5671955952289,-153.585201342893,308.631866217252
AC60,52.7146197360881,174.076265272565,18.3124940552511
AC61,64.0292584129666,-142.075848652505,745.40221441229
AC62,63.0836057078616,-146.312700675409,1347.15948606059
AC63,63.5024247827811,-145.847246610012,815.135581583131
AC64,62.7140161672723,-144.303992925661,774.571329816859
AC65,62.8315108577223,-143.704221638144,735.88768859445
AC66,51.3781285376036,179.301322163032,106.794482379423
AC67,57.7907175293976,-152.425436173372,347.325912221527
AC70,63.3047099160064,-148.188324267811,810.887954513016
AC71,64.0493037574231,-145.713624844853,364.014877460894
AC72,63.695057089622,-145.887697559356,558.860206572778
AC74,63.4643553739609,-148.807261700912,668.608961761276
AC75,62.9993032959017,-149.60882358935,608.660477207221
AC76,63.0399973390778,-143.258816360247,1585.31702281514
AC77,62.6880318261605,-145.426261160256,746.899090757711
AC78,63.113490289726,-142.027938786068,643.742235666457
AC79,59.9978711343156,-147.403049209812,287.756619593281
AC80,62.3940764051694,-151.765043011651,1114.51310008194
ACHO,7.41473107706935,-80.1731062878183,35.5994511437636
ACP1,9.37139302461282,-79.9498584730732,12.8289292462021
ACP6,9.23847687712837,-79.4078222552233,943.539499279006
ACSB,33.2742663550044,-117.444893461709,-12.2924430777856
ACSO,40.2323609314221,-82.9815330018656,248.175974172942
ACSX,33.2742663536509,-117.444893459962,-12.2923711433709
AGMT,34.5942818776877,-116.429381036296,1337.84666496551
AGPR,18.4675333159485,-67.1112346070067,73.0031660625472
AHID,42.7731185799173,-111.063742397619,1975.54634638449
AIRS,16.7408292171293,-62.2138551439437,84.4210039035856
ALAM,37.3579575372152,-115.158460655722,1090.0076210575
ALPA,11.52798487044,-72.9177566369122,1.81249589584582
ALUT,40.5839071970816,-111.620216489808,2824.0176499998
AMU2,-89.99889,-110.753967,2823
ANA1,34.0150081177313,-119.363474546142,22.4423055818352
AOPR,18.3465306347051,-66.7540916874749,319.575250357238
APEC,0.332829,-78.5461,1722
AR27,33.3418500033639,-117.324933072586,32.3165073567476
AR53,33.3811367548003,-117.476507604808,111.052401908617
ARML,35.9172821137822,-89.8028990524768,50.0490343966204
ARVL,-77.82944,166.66364,131.9
ASKY,75.7261291180263,-58.2573534819418,687.458894711734
AT01,63.4840456357794,-162.006401011775,21.6106757781207
ATQK,70.472033193,-157.4078686,28.0096
ATW2,61.5977533735469,-149.132295567083,97.1278909782264
AV01,59.358528101251,-153.460801870318,487.273535071938
AV02,59.3329718556422,-153.428391849624,229.867265828345
AV04,59.3625806832806,-153.444673683782,915.952434408577
AV06,54.1471776976308,-165.765721584752,463.136403208204
AV07,54.1629353809484,-166.038538127597,521.12632375706
AV08,54.1362976018656,-166.028272728303,598.457950758201
AV09,53.8756330258596,-166.541837372872,105.720000176225
AV10,54.0976077263694,-165.933765729366,329.591902291305
AV11,59.3706252583413,-153.354686563633,114.972523058179
AV12,54.2107979551244,-165.897546757699,404.771025592459
AV13,54.1530796865972,-165.897815947615,494.847631320335
AV14,54.118893084567,-165.841569271912,396.39980289047
AV15,54.100192193232,-165.710113955109,457.471945582294
AV16,59.3859085135281,-153.535045951639,25.4343837064491
AV17,59.4039441689988,-153.451446130924,29.4469116825092
AV18,59.3804313563546,-153.43683474166,367.177973502883
AV19,59.3549052925475,-153.414328863252,647.443226476136
AV20,59.3473790992278,-153.428206488841,542.237772322126
AV24,54.5899832526748,-164.754804758601,481.804058711715
AV25,54.5300017384426,-164.779499670466,652.027363016917
AV26,54.5716534926032,-164.580464875903,577.696577499522
AV27,54.4923491265334,-164.723164413777,978.007367420345
AV29,54.4723515347736,-164.586150014475,971.971929632872
AV34,54.7249078032224,-163.712920019007,636.430509446411
AV35,54.8466937612671,-164.386917070123,647.007759805829
AV36,54.771793125837,-164.12680455111,648.438559724656
AV37,54.7093785559841,-163.997235439584,796.070296258819
AV38,54.8314675698823,-163.780874383439,492.340492033123
AV39,54.8113405897002,-163.998467493709,797.406946064891
AV40,54.6445354511815,-163.742968447339,413.974661452439
AVN2,36.53212,-96.081021,261
AVRY,34.468302111706,-117.153974955275,888.920810085666
AZU1,34.126020387293,-117.896491580452,144.749670783722
B001,48.04307,-123.13141,237
B003,48.06236,-124.14086,284.6646
B004,48.20193,-124.42701,30
B005,48.059549,-123.503278,302.7
B006,48.0588,-123.5008,302
B007,48.05758,-123.50411,293
B009,48.64867,-123.45117,15
B010,48.65017,-123.45133,5
B011,48.64954,-123.44819,22
B012,48.92463,-125.54198,13
B013,47.813,-122.9108,75.3
B014,47.5133,-123.8125,64.7
B017,46.996,-123.5575,33.9
B018,46.9795,-123.0203,10
B019,46.6527,-123.6518,9
B020,46.3827,-123.8445,31.2
B022,45.95461,-123.93105,10
B023,46.1112,-123.0787,177.4
B024,45.6378,-123.8558,37.7
B026,45.309351,-123.823049,232
B027,44.497333,-122.962167,216
B028,44.493667,-122.963833,140
B030,43.9713,-122.7717,263.6
B031,43.6643,-123.3967,71
B032,43.668,-123.3923,63.8
B033,43.2917,-123.1245,312.1
B035,42.50351,-123.38342,370
B036,42.505833,-123.381667,315.3
B039,41.4667,-122.4847,923.9
B040,41.8308,-122.4205,819.5
B045,40.436,-123.9965,29.4
B046,40.32197,-124.2843,44
B047,40.25047,-124.17133,80
B049,40.2375,-123.8197,117
B054,37.8602,-122.1995,405.6
B057,38.0273,-122.5655,14.4
B058,36.7995,-121.5808,114.2
B065,36.74366667,-121.4741667,643
B066,36.8575333,-121.592167,67
B067,36.765,-121.5655,126.2
B072,35.831,-120.345,397.7
B073,35.9467,-120.4717,535.28
B075,35.9292,-120.5153,583
B076,35.9398,-120.4248,445
B078,35.8377,-120.3452,386.8
B079,35.7157,-120.2057,436.6
B081,33.711167,-116.714167,1467
B082,33.598182,-116.5960046,1374.842
B084,33.61157,-116.45637,1271
B086,33.5575,-116.531,1392
B087,33.4955,-116.6026667,1139
B088,33.37495,-116.62052,1403.87
B089,33.59989,-116.59612,1362
B093,33.5937,-116.7638,1244
B201,46.3033,-122.2648,990
B202,46.2447,-122.1367,1218.6
B203,46.169,-122.3337,814.4
B204,46.136,-122.169,784.2
B206,44.7177,-110.5117,2399.5
B207,44.619,-110.8485,2182
B208,44.5602,-110.4015,2405.8
B900,35.686,-120.003,219.5
B901,35.6897,-120.142,275.3
B916,36.1925,-117.6685,1859.9
B917,35.4053,-117.2588,1192
B918,35.9357,-117.6017,1042.6
B921,35.5865,-117.4622,694.5
B926,48.8202,-124.1312,191.6
B927,49.2188,-124.8113,39
B928,48.8337,-125.1345,9.5
B932,40.275,-124.2212,52
B933,40.06,-123.969,268.1
B934,39.8445,-123.6914,331
B935,40.4787,-123.5732,696.7
B941,46.9868,-122.219,151
B943,47.8132,-122.9113,84.2
B944,44.3897,-110.5438,2364.6
B945,44.894,-110.7441,2241.4
B946,33.5373,-116.5925,1429
B948,35.83372,-120.34324,428
B950,44.7128,-110.6785,2328.4
BACK,-74.430448,-102.478214,37.7
BAKU,40.3721,49.8144,94
BAMO,40.412749650643,-117.204568176868,1792.47811300005
BAR1,33.4804546464678,-119.029741250638,14.8121593335905
BARA,18.2086993753047,-71.0982270747199,6.76467833530552
BARO,71.325047,-156.667677,11.5
BATG,-79.01098,170.72451,31.087
BBDM,34.5822009491498,-119.98151853931,204.884673664103
BBID,44.1850438695139,-111.526128691325,1789.92351835745
BBRY,34.2642796571698,-116.884244633452,2051.08199483332
BCYI,44.3156153799175,-113.405849429437,2173.41237071274
BEAN,-75.9563,-69.30216,892.4
BEMT,34.0005338199234,-115.998192861059,1373.65222182644
BENN,-84.7864605277778,-116.459784611111,1417
BEPK,35.8783884939991,-118.074096310292,2471.1100108806
BERP,-74.54594,-111.8846,312
BGGY,17.0451201536047,-61.8611629991032,356.303748101425
BIJA,9.74997515333003,-84.5768679008111,555.674735984292
BILL,33.5782451994709,-117.064604523518,470.050801844297
BIS0,4.89100290799454,-75.3359810215933,5088.39279848297
BKAP,35.2870468600398,-116.080426440787,252.046471950238
BKMS,33.9622603913985,-118.094703301985,11.0027879033743
BLA1,37.2113487078776,-80.4205088941642,605.704439992919
BLAS,79.5386084998355,-22.9747231714877,484.076033828494
BLDF,-77.72374,162.25795,100
BLW2,42.7671265378444,-109.557803272763,2215.58772397055
BLYN,48.0160570947603,-122.927541044366,613.253468065891
BMCL,28.65583,28.65583,2241
BMHL,34.2514447323876,-116.052979820425,722.649848030714
BOAR,-75.043891,-100.592665,72.8
BOM2,-77.5089,167.4402,1966
BON2,9.76453034766104,-85.2025083709877,28.3660394444333
BOZ1,40.534524,28.782045,70
BRN2,26.51964,87.27206,79
BRSG,32.3704027777778,-64.6963583333333,-10
BSA1,-67.81604,-67.29071,127.6
BSRY,34.9186126466198,-117.011995505527,613.501813112643
BTDM,34.2928077272943,-118.188230771023,678.26380948006
BUMS,-85.961,174.498,2648.9
BURI,-79.14744459,155.89416908,2007
BURN,42.7795007310792,-117.84353153702,1180.90174798724
BUY1,40.839997,29.123121,47
BVPP,35.1572770863669,-119.347510459602,123.048559522011
BYSP,18.4078376070664,-66.1611984871641,49.2427254975585
BZBN,40.534524,28.782045,70
CABA,10.2378729259657,-85.3435341447652,26.9561364286295
CABL,42.8360994048206,-124.563346430772,37.8630516257735
CALV,12.5724454372071,-86.8456060867721,287.430211159938
CAMO,39.34031667,16.44923333,1269
CAND,35.9393532205056,-120.433699452422,568.420630460802
CANZ,8.199626,-81.522229,372.0308
CAPF,-66.0121,-60.5584,100.3
CAPI,5.35142404553458,-72.4277576655399,935.49990689909
CARH,35.8883866155628,-120.430825848758,480.281192055338
CASE,33.4553518069123,-117.403985893961,776.51018525824
CAST,39.1910215445004,-110.677315100764,2245.04648059672
CAT2,33.3116192988783,-118.333820876572,477.243838505275
CAT3,33.4457641206401,-118.483010510931,5.14949601630732
CBHS,34.1385635913245,-118.629810067983,284.627583853261
CBMD,19.737976104065,-79.7582584167852,18.7686592707635
CCCC,35.5653147287037,-117.671175673043,813.979071207908
CCRI,39.22617494,16.77561869,708.88
CDMT,34.8294670476253,-116.3359332904,936.593249208134
CDVV,34.2541537492869,-106.969774552108,1552.02766037659
CEDA,40.6806948253389,-112.860483498769,1472.50182632799
CGDM,34.2439943969978,-117.964949949086,704.706083329239
CGSJ,-31.3743884,-69.416241,1461.4
CGUI,12.9763060622698,-87.5587437323962,746.118367374714
CHIS,15.8122549014514,-90.291355132747,241.996205665753
CHLL,40.447,-104.638,1408.87
CHMS,34.6404633354768,-117.827704551814,760.331900638815
CHNR,24.18975,91.51504,-24.356
CHUM,42.998501179,74.751099499,716.3321
CHWN,27.668056,84.385278,137
CHZZ,45.4865152817583,-123.978123925792,50.7719366300867
CIRX,34.1095560152986,-118.937300522002,488.218754030792
CJTR,34.8216949265522,-92.2730385715049,126.002333225295
CLBD,33.1353874763633,-117.310979356497,20.6117324277989
CLGO,64.8737720308654,-147.860488620923,196.106906610634
CLOV,40.5583838302731,-114.874190771555,2084.93929318002
CLRK,-77.34008,-141.8738169,1000.853
CN00,17.6685247341338,-61.7855784532707,-21.9163570338235
CN01,17.0484193439083,-61.7653675587721,16.6430768711923
CN02,18.2039238036353,-63.0540685624075,-8.93267857559891
CN04,14.023547971262,-60.9738983311477,24.4356506667762
CN05,18.5639019961607,-68.3593926810784,-33.2298308952552
CN06,18.789825240391,-70.6561100664546,2311.74702272907
CN07,19.757631099727,-70.5658516426267,-32.2490501761803
CN09,19.6877463341612,-72.1398185275082,-15.0071443443524
CN10,17.4151910072587,-75.9705522256182,-16.3119601134008
CN11,17.021180351644,-77.7841171535053,-10.6725970503379
CN12,18.0044820824055,-76.7490514517422,169.948152652196
CN13,24.0651857437138,-74.5337843325535,-34.5729444702306
CN14,20.9753290312009,-73.6779510893383,-34.2043587435703
CN15,26.5566559858479,-78.693084343665,-27.5408528334955
CN16,21.4222965509666,-77.8497654322777,106.749138612689
CN18,17.4076729359332,-83.9443278635467,1.4566838047585
CN19,12.6118489119092,-70.0485006890697,-0.330660460332758
CN20,9.35167634550566,-82.2562662681073,13.1921935751725
CN21,13.4027402271382,-87.4270955617015,15.8223999456419
CN22,12.3840936149959,-87.0446888669197,28.8158034118497
CN23,17.2606072404781,-88.7787578165164,55.3604098178269
CN24,19.5755621442169,-88.0539050202782,7.94208953919931
CN25,16.232043231953,-92.1352413556928,1649.27847602465
CN26,22.3829963014392,-89.6823856066245,-12.1678954728612
CN27,19.6671181292848,-69.9398097187991,-21.1106412007595
CN28,8.62506477842339,-79.0337183664222,25.9072654862439
CN29,14.0487967460019,-83.3746376438554,30.3844665558862
CN30,11.9935514245086,-83.7720475986753,29.91214
CN35,13.3754958053991,-81.3629200823572,47.8992824037634
CN36,8.81962038917211,-75.8211360520831,15.3452308677974
CN37,10.7925778699201,-75.2631748260405,1.47419408159697
CN38,12.2218217411495,-71.988026069177,10.5006259467144
CN39,10.2064804717774,-70.5236555704662,542.277411642611
CN40,12.1800443636498,-68.9580137701397,33.3490390544624
CN41,8.94345543887737,-68.0414958364871,81.2829050875213
CN42,11.9526505365203,-66.682263514282,-3.65400909764285
CN43,11.8187915,-64.5980617,2
CN44,11.0004574468334,-63.9102961485644,835.954441037657
CN45,10.837067418957,-60.9383153517058,-5.55034255068579
CN46,12.4868344051254,-61.4269881544714,-22.58546
CN47,13.7107868458067,-60.9404950225718,177.16230644953
CN48,15.4388127407294,-61.4216416566459,279.880669624437
CN49,15.6671879892804,-63.6182605255457,-31.5232679780216
CN51,18.5865654394044,-63.4265202174624,-35.0770043257227
CN53,21.7826517783308,-72.2538668545804,-15.6437830713833
CN55,8.24326947185126,-80.5393390506367,44.6673894646481
CN56,8.54907732844775,-78.0148293839418,76.7192755581223
CNC0,21.1746532368608,-86.820900822529,-0.217525268926711
CNG2,12.5011765385017,-86.6993376379033,513.545783629452
CNPP,33.8576342423075,-117.608923799539,300.308300493571
CON2,-77.53459,167.08547,3403
COON,40.652590738928,-112.121013243641,1610.0158360675
COPR,34.4149100339882,-119.879530462963,-22.8253976774338
CORV,44.5855351954922,-123.304605505356,105.599409547013
CORX,32.415375024371,-117.248187396668,74.2666833959599
COTE,-77.8059,161.9978,1878.1
COTM,29.39383973,-94.9981992,-18.5482
CPBN,35.0717355300892,-117.573025544118,835.85478037996
CPXX,46.8400847512931,-122.256520010306,533.615239709753
CRAR,-77.848,166.6682,-19.16
CRBT,35.7916139684485,-120.750759033346,205.453245905774
CRDI,-82.8615,-53.1991,943.3
CRHS,33.8235066073882,-118.27277106589,-23.6226985768139
CRLR,18.4166866152979,-68.936904992593,-5.53823801218592
CRRS,33.0698086035221,-115.735044214896,-81.8781373600223
CRSE,18.768077857156,-69.043709320354,86.6124016441396
CRU1,34.0292627178896,-119.78481630668,702.195673649292
CSCI,34.168405471557,-119.038985505339,70.8629511876868
CSHR,46.8707270857197,-121.732431701573,2882.34265927883
CSPS,-31.2084545,-69.6365451,2419.1
CSST,34.4080924022847,-119.371254583659,162.50106196938
CTDM,34.5165511045407,-118.61321474971,406.089068028127
CTMS,34.1241011120369,-116.370428116944,966.499012786366
CUC1,7.93227584471729,-72.512813414456,321.163394264408
CUPR,18.307439789413,-65.282515096486,-30.3938169325073
CVMS,35.5414214799352,-89.6435121701355,72.9450771645015
DAEX,32.2245016616317,-115.41921134369,399.31645522299
DANE,74.3119470440945,-20.1998283698877,177.092182460327
DCPS,24.302785,91.778251,-14
DCUT,40.4127635403262,-111.527569288152,1797.28432357418
DDSN,43.11879078863,-123.244243170138,953.096842982234
DEN1,29.5104,-95.258,-17.2
DEN2,29.5049,-95.254,-18.1
DEN3,29.493739,-95.254664,-19.5
DEN4,29.5002,-95.2297,-20.2
DGJG,71.7865337915248,-29.8502069853737,1494.16599510482
DHL1,33.3923,-115.7873,-25
DIXN,38.4687153983767,-121.828644309491,-9.14367037388259
DKSG,76.3516210835583,-61.6776736310572,609.772230152462
DLPA,28.983677743,82.817884477,2535
DLUZ,33.4305887841688,-117.307223502774,212.73565657569
DNTH,-78.07859,163.98413,912.7
DOMI,15.306214558284,-61.3890861645112,-21.2171915950306
DSSC,33.7333325179575,-116.712093055079,1660.89084016158
DUPT,-64.8049444,-62.8169056,40
E1G2,-77.530376901,167.139552619,3654.3545
ECFS,33.6476861806004,-117.411698859035,801.412700495542
ECHO,37.9155329578955,-114.26424962143,1684.11317938071
ECSD,43.7336994649981,-96.6140088090977,444.357844843719
EDPP,34.9461953622444,-118.830412052234,379.854679754726
EGAN,39.3452429806116,-114.938856659821,1998.28081819667
ELEN,16.9160561730248,-89.8676144128797,118.140409733633
ELKO,40.9146897282926,-115.817200436597,2016.89844117138
ELLY,33.5834997158788,-118.128789462426,-2.87158032793931
ELMA,12.4658356272701,-86.6747500628384,445.235004018944
ELVI,10.3946956948193,-85.445806330498,81.8624626761293
EMIG,44.0743852206254,-112.927471771385,1946.04063423561
EOUT,41.2531959781151,-111.928910493837,1677.85072770744
EPZA,10.1409382883326,-85.5680646440363,668.630011805506
ESN1,40.5963,28.9223,2
EWPP,34.1041999369299,-117.525589195145,330.486542148134
EYAC,60.5487057407284,-145.749863253783,146.050223176259
FALL,-85.3064,-143.6317,262.1
FCDE,25.617248,-80.305372,1
FCHO,25.908024,-80.124811,1
FCI1,25.905676,-80.137468,2
FCI2,25.905859,-80.13836,1
FERN,35.3418715095695,-112.454738735184,1767.92404783254
FGST,34.7330119976822,-120.009386376788,904.091892123618
FIE0,-76.14459329,168.42352848,153.7055
FLM5,-77.532729597,160.271408855,1869.8231
FMVT,34.3563385263371,-118.884036241879,617.006192586247
FONP,-65.24542353,-61.64680086,65.4673
FOOT,39.3693961584341,-113.805375165426,1547.39749659148
FORE,40.5118959914425,-111.380329895398,1796.6755753297
FOS1,-71.31334,-68.32084,158.8
FRED,36.9883314080972,-112.499219085409,1529.7311281475
FRKI,-76.1644,168.3828,0
FS63,61.469686,-149.723263,42.283
FS82,61.548686,-149.816086,64.016
FTP4,-78.9277,162.5647,243.2
GANJ,40.68038,46.3613,443.499
GARL,40.4165261321349,-119.355459340384,1640.24326319006
GCEA,19.2930205480073,-81.3780243714507,16.0623116945481
GCFS,19.3128624032943,-81.18353396808,-10.7346330927384
GLDK,-72.23305,-100.58758,55.7
GLRS,33.2748116430041,-115.521373409964,-48.6378928024944
GLS1,66.4793959439,-46.3101516098,2150
GLS2,69.0920641768,-39.6471727984,2917
GLS3,77.4316951304,-51.1080499792,2480
GMEZ,-73.88546717,-68.53646064,1420.255
GMMA,77.8094257395446,-19.6521183450388,521.832362821895
GMPK,33.0510845840224,-114.827346813051,591.19484939757
GMRC,34.7839969346876,-115.660230870442,1298.20889878936
GNPS,34.3085557824546,-114.189451529645,232.396917667277
GOBS,45.8388180316741,-120.814677818528,621.476281073912
GOSH,40.6401679741186,-114.179700017922,1560.20798706312
GOUT,39.9137374997116,-111.896515147878,1509.35126865239
GR8R,36.3990156108366,-120.415733488834,206.042475286063
GRE1,12.2217551455037,-61.6404471684725,16.3041645490356
GRNX,63.8354979157553,-148.978194409103,594.46602789824
GROK,78.4426991488511,-22.903765366831,1045.93433111463
GRRG,42.9377762303639,-111.42163496631,2198.37582561483
GRS2,34.358,-106.6794,1576
GRZA,9.9155221165262,-85.6356164370872,39.7730132524748
GTRG,43.2440910462798,-113.24121511156,1539.13443389995
GUAT,14.5904045466212,-90.5201824349575,1519.87305257451
GUAX,28.8840622662455,-118.289689294328,40.4909151524232
GV01,0.78241,-91.113379,1043.7
GV02,-0.814719,-91.132932,946.1
GV03,-0.797816,-91.132934,926.1
GV04,-0.811486,-91.138058,945.2
GV05,-0.804939,-91.12121,911.7
GV06,-0.834338,-91.128062,969.6
GV07,-0.840524038,-91.128062,1027.701
GV08,-0.841994,-91.134409,904.8
GV09,-0.837283,-91.147363,1037.3
GV10,-0.849254,-91.151047,1046.1
GV11,-0.9477,-90.9554,11
GZ20,-84.253773,-165.599434,52.8
HAAG,-77.038,-78.2871,1172.6
HALK,41.05883,28.78633,157.6
HATI,10.2921973339829,-85.7100622578846,58.7371104916442
HCES,36.3326049632442,-89.1717686220838,77.9263019015346
HCMN,34.7547735676035,-116.430077243396,568.763767743298
HCRO,40.8159170470922,-121.469901445121,1000.10781031823
HDIL,40.5558859021654,-89.2939904688256,199.91937891135
HEL2,66.4011576744826,-38.2157071355309,424.974678219387
HERH,12.60931371334,-86.8310082809515,739.498434085319
HETA,27.41456,85.05387,415
HIVI,34.759920908038,-117.799456623359,930.884995428366
HJOR,63.4182102865377,-41.14786985073,762.703361480332
HLNE,-35.004639,-71.744833,50.915
HMBG,73.6759821863349,-28.1290715089872,1322.91278620685
HNPS,33.7050054225222,-115.63533723487,393.946726592965
HOG2,-77.5316,166.9326,2107
HOGS,35.8667174813871,-120.479501083923,762.879053355412
HOWE,-87.4157,-149.4335,2584.7
HOWN,-77.528,-86.7673,1478.5
HPIG,43.7132788190044,-113.100130798609,2640.71233278184
HRDG,81.8798321971045,-44.5173772326413,718.408857259819
HSMN,29.800355,-95.469616,2.9
HTON,-74.08001,-61.73059,950.5
HUA2,10.0177309642453,-85.3516939412268,594.259667688158
HUGO,-64.96258,-65.66756,20
HUNT,35.880812712486,-120.402386108974,449.351160302881
HURR,37.06388,-113.57473,924
HVWY,44.6136004780967,-110.53596446708,2406.85191787848
HVYS,34.4412327942035,-119.187545906391,373.950038101334
HWFG,43.9274516898779,-113.096672068058,1716.25073247635
HWUT,41.607240186679,-111.565117645662,1714.95299614018
I40A,34.7273241866822,-115.911450479456,765.321779608471
IAGX,29.0265602707981,-113.171878190269,152.43886997879
IBEX,35.848388,-116.367834,700.4
ICIG,44.3303390237892,-112.941497037443,2502.43992779894
ICPS,24.403792,92.037719,20
IFR1,33.513937,-5.125524,1710
IID2,32.7061683889614,-115.031804043355,9.7663637967145
IMPS,34.1575626405358,-115.145101592793,563.241320027288
IND1,9.86462417475228,-85.5021969700394,75.2548003231565
INMN,-74.820865,-98.880456,678
ISCO,5.54434905702085,-87.055827182385,10.3617329020623
ISGN,34.932189,-4.548291,1640
ISLK,35.6622712600338,-118.474304014924,823.383015708169
JCFI,12.6837445938007,-86.8282679585549,44.1317735688775
JFWS,42.9142714678556,-90.2481082591263,293.612988154885
JGBL,82.2087586258669,-31.0042055846711,753.25905929041
JIR2,27.657,86.186,3061
JME2,18.2350476892307,-72.5384062295287,-8.41187660593645
JMEL,18.2347085802772,-72.5363289403369,6.69734050487354
JMLA,29.27781759,82.192570464,2411.2
JNSN,-73.0765,-66.10219,1374
JURI,24.498418,92.135305,-30
JWLF,83.1116536095167,-45.1198408273651,112.876689704843
KAGA,69.2223016943193,-49.8146318023566,150.003466842181
KAGZ,79.1319586960202,-65.8529623378585,86.6283134179275
KALW,23.197,94.304,64.488
KBRC,34.3985296951511,-119.00820243923,370.496760171618
KBUG,65.1436825654782,-41.1575467571682,290.718141358391
KCHI,24.9314,67.1129,8.9
KEPA,-54.29524,-36.51426,346
KGPS,24.1862,91.61859,-27.401
KHLR,-76.15464,-120.72867,1862
KIOS,12.4943199785817,-86.7017116374145,489.380148160329
KKN4,27.800733,85.278804,1896
KLAY,23.19278,94.06444,62.637
KMJP,83.6432378295713,-33.3770846912761,85.1357485925433
KMOR,81.2527148440159,-63.5274050088737,203.339291888915
KROT,39.08003333,17.12511667,24
KSNB,66.8632806763045,-35.5763173473161,1720.9837771485
KSU1,39.1007500978256,-96.609482156085,325.586333318906
KTBW,47.5473190982845,-122.795418722446,491.571663437029
KUAQ,68.5869996536777,-33.0527484542757,865.120621236501
KUGE,27.61842,85.53854,1511
KULL,74.5806251364699,-57.2270622681759,94.0684389374099
KULU,65.5793360303424,-37.1493602377253,67.5553430207297
KVTX,27.5459506203271,-97.8928838423563,-2.60458496740111
LA02,-84.639484449,-150.104572645,114.618
LA09,-84.247467895,-153.640932747,89.816
LACR,40.8508039512374,-115.703741495775,1653.79112494076
LAFE,9.8070619677091,-84.9602828796878,65.3301700918971
LAGO,-47.21214,-73.26173,436
LAND,35.8997933904654,-120.47328869389,568.574435342728
LAPC,34.1819242259958,-118.574655372788,207.822899502775
LBEG,-77.71354,162.44882,13.7
LBIB,75.8938086611654,-23.8529444786946,1483.48908827513
LBWG,-77.72007,162.29891,13.3
LCEC,0.0173,-79.3692,238
LCHS,36.3764184644275,-89.472118682243,63.1797576389925
LCSB,19.6675611390814,-80.0820875509469,-8.164278426934
LDES,34.2673399961175,-116.432805742465,978.103458033257
LDSW,34.6994262472083,-116.20914400027,640.974075246607
LEFN,80.4566831068327,-26.2934627106271,692.102856153637
LEHG,-77.510662943,167.14107444,3346.1868
LEME,12.4274326113915,-86.9094802700733,78.2365364012219
LEPA,9.94537416612097,-85.0311944810613,20.9933231936629
LEWI,40.4035118390524,-116.861874979441,2916.70977559448
LFLG,-77.61021,163.14672,-34.5
LFRL,-77.6053,163.1217,-30.4
LFRS,34.0950724948219,-118.412830035386,146.916171505943
LGC1,30.044596,-94.074547,-12.8
LGNE,18.507510283768,-72.6307915131651,2.45650355853179
LGWD,33.6405974386421,-117.764453542424,88.7103580941772
LHOE,-77.623131,162.901319,29.04
LHRG,-77.62743,162.91024,22.7
LIA1,48.26464888,-94.69125413,337.1949
LIA2,48.26485475,-94.69130465,337.1983
LIEC,0.7946,-78.36,1227.9
LKCP,47.9443789950957,-121.830854092147,178.287382316205
LKWY,44.5650755022027,-110.400222072998,2424.47903350401
LMEC,-0.9469,-79.2794,173
LMJG,28.173889,84.573056,2027
LMNL,10.2675081506881,-85.0533323351289,102.97131575697
LMRG,-78.09681,163.85164,108.6
LMUT,40.2614196722875,-111.928316303667,2311.99522658447
LNMT,35.090202055609,-116.939654299786,1345.31542091869
LNTK,-74.83516,-73.90322,1191
LORS,34.1333287503374,-117.754074258813,448.902505404196
LOWS,35.8287122230801,-120.594289482511,428.672354509662
LPLY,-73.111118,-90.299207,156.1
LTHW,-76.4583,-107.782,1013
LTUT,41.5920977531424,-112.246839911164,1564.95318762212
LVEG,19.2227160058777,-70.5310863786265,78.5968156169413
LYNS,64.4304813110606,-40.1980550447498,174.071385446469
MACC,37.8450828280887,-90.4845373611236,220.008197026654
MACZ,-77.53255,167.24664,3279
MAIR,36.8465760526479,-89.3567555111918,67.3985776340249
MAJK,-81.66098,-21.87375,1452
MANA,12.1489397843158,-86.2489929850815,71.0467836711913
MARG,77.1870374051299,-65.694627814494,670.657005830407
MASW,35.8325996936187,-120.443064198961,713.753663116485
MAT2,33.8567625038131,-117.436702853784,398.318500770713
MAUA,-19.90219,23.52832,942
MAWY,44.973427240459,-110.689303081432,1824.27734334776
MCAR,-76.3222,-144.3035,965
MCG2,-77.5323,167.2452,3290.6
MCMD,-77.838348694,166.669326111,97.959
MCRG,-73.6678,-94.64632,1334.8
MCTY,36.1196213781341,-89.7022038534953,51.703449386811
MDMT,42.4183408789728,-121.221602965521,1710.53155332267
MDWD,29.77137895,-95.59521091,2.1406
MECE,7.10724775698731,-73.7120162302166,109.073984848648
MEPD,29.658082,-95.239592,-12.7027
MFLE,39.947647,-105.194444,1729.4
MGW1,29.618455,-89.946533,1.471
MGW2,29.61845,-89.9466,1.806
MGW3,29.6184,-89.946635,1.803
MIDA,35.9219132636038,-120.458833064477,570.705201817554
MIG1,34.0382619545345,-120.351396490499,130.934849464171
MIK2,68.1402806716445,-31.451823138648,815.845223352705
MIN0,-78.6503,167.1637,677.9
MINE,40.1483650175088,-116.095514350067,2075.64226293237
MIPR,17.8862242590231,-66.5269612694551,-38.1119216611939
MKLU,27.8099,84.837,414.1
MLFP,33.9184054810816,-117.31796223952,472.978646178681
MNMC,35.9694722519898,-120.434054728512,1061.94740887549
MOIL,40.7106820640491,-115.41211561772,2160.4584587061
MOM0,12.4060901069917,-86.5408904721565,392.120365515688
MOMI,12.5507324058376,-86.4900082775623,72.46867
MOUT,41.0462177663273,-111.665596714936,1609.80194211793
MPUT,40.0155987788223,-111.633631578666,1829.16119712856
MPWD,34.2955138012621,-118.878021219713,190.251625492097
MRC1,38.4991,-77.3706,28.054
MRTP,-74.18046,-115.10202,64
MSVG,72.2408225414606,-23.9128640462692,88.1766015945845
MTAK,-76.31504,-112.80001,1328.8
MTJN,-79.627,-91.2813,2161.8
MUSB,37.1699411891612,-119.30935332947,2042.53808645427
NAIU,41.0156716940708,-112.229628526065,1455.80825317029
NARA,noUS,17.2267618864596,-90.8100018569653
NAS0,25.0525393676314,-77.4622572626571,-21.2423359536242
NAST,noUS,27.6567,85.327729
NAU2,-77.52185,167.146769,3568.7
NAYX,32.3242830713705,-115.295514032159,-23.828052607194
NCEG,34.004064,71.487028,326
NDAP,34.767687357881,-114.618631162324,241.386233308471
NEAH,48.2978547928557,-124.624906861429,459.92344654616
NEWS,39.6856159057059,-117.508938260333,1770.2892771018
NHRG,34.4986592606292,-119.141263994673,1648.76036786206
NMKM,36.4544530949889,-89.4003898600168,59.932317246928
NNVN,61.6318765605781,-44.9010680395227,2134.60791548311
NOMI,36.4216939477,25.4286381201,315.932
NOMT,45.5969184952315,-111.629823205596,1578.04643470407
NPGJ,28.117173324,81.595301715,87.8
NRSK,79.1550289137402,-17.7254179164097,348.006536932376
NRWY,44.7148470558893,-110.677719373096,2342.70689866059
NVLX,32.394,-115.183,13.4
NWBL,16.8204156091154,-62.2027049657106,146.713935774507
NWCC,36.416615848085,-89.4582906232906,64.8317801246006
NWOT,40.055388,-105.590525,3522.729
OAES,34.1410048670356,-116.067738235576,604.795041895568
OCSD,33.2406686525302,-117.34673792192,42.9140474111067
ODRE,26.866111,87.391944,2021
OFW2,44.4511063885153,-110.831152839391,2280.52465092473
OK01,36.392419233534,-96.9836695949415,275.540550723861
OK02,36.485127849696,-96.9642263528605,267.847393519788
OK03,36.3296253036609,-96.8580307369585,258.621257513732
OK04,36.3969019587158,-96.9121212249556,264.595849666535
OK05,36.4322806568754,-96.893861997635,277.579814427123
OK06,36.460779346478,-96.8565272421905,252.277016347676
OK07,36.4543122588843,-96.7639953762286,237.929180923819
OK08,36.3711902043708,-96.9361011830272,248.260845435917
OLO1,-2.73420616085449,35.9502168461852,988.047142813044
OLO3,-2.75398355922717,35.8713945518822,1483.00925738991
OLO5,-2.63368368431931,35.8893355934289,658.975894346288
OLO6,-2.70871099661629,35.9055143559574,908.288689255505
OLO7,-2.79624108497996,35.9126639028226,1449.14248
OLO8,-2.78462580131589,35.9469864957285,1237.08791688632
OLVN,16.7504045374968,-62.2277274420363,40.9196497311176
OPBL,34.3698818557466,-115.91805873916,1226.55053442538
OPCL,34.4277162988549,-116.305458963506,1312.92806520073
OPCP,34.3671290440878,-116.08337384038,1096.65881419852
OPCX,34.4300819247813,-116.149485575492,1133.84889635345
OPRD,34.5330314262589,-116.292281089419,1400.26895357079
ORE2,37.45985,-121.75194,600
ORE3,37.46153,-121.75082,661
OREO,37.46068,-121.75125,637.5
ORES,34.7390627824258,-120.278563503921,143.671955216923
ORMT,34.6749043470912,-116.815094317508,1893.34697565884
OVLS,34.3273619225262,-119.141951841117,69.2228645275138
OXPE,15.8886875293401,-97.0752612523555,75.7984533802387
OXTH,16.2862663232675,-95.2407921570583,41.2591619173192
OXUM,15.6622465026455,-96.4990291116229,82.257745881051
OZST,34.6833729087696,-119.353412162188,1059.20561934663
P001,31.9493763356442,-112.801704000096,474.718777795408
P002,39.5211378561321,-117.186533126545,1741.70882500009
P003,32.7225440818769,-114.004953201486,50.9795268888732
P004,34.7843815658461,-112.151982431664,1791.7881972229
P005,39.9101707811128,-115.278629701481,2015.67221866141
P006,36.1541871583738,-114.456913679103,365.235865379118
P007,41.7242003406555,-114.819714756069,1686.58483476275
P008,36.1428207088735,-111.130049301376,1522.06151759188
P009,38.4799299964108,-112.22271661959,1761.53074053317
P010,34.6672617496071,-113.731344356256,1399.06558351588
P011,36.1498275543176,-109.519229366161,1728.51756485038
P012,38.0974324161934,-109.333837410045,1788.50841298457
P013,41.4287408625259,-117.329996161992,1433.4284917014
P014,31.9728941309526,-111.098597528489,1067.97533810784
P015,34.2638103382779,-110.009486648056,1930.21770490997
P016,40.0781214843896,-112.361404070961,1730.53347484747
P017,41.2758957992099,-119.93551231796,2390.63889158102
P018,42.981705974081,-117.0645598611,1424.25429212021
P019,43.3001954457553,-115.311663748553,1682.37373463404
P020,47.0022078841966,-118.565771636788,480.123619879755
P021,48.6746919415283,-118.730254715777,1163.17672685508
P022,45.2317854101485,-118.013774545924,888.12863444196
P023,44.8984326983513,-116.103007092537,1521.60074850668
P024,47.5622014770876,-115.842435857992,1907.62675046482
P025,48.7310134235075,-116.287513571425,695.466435326427
P026,32.6589608462023,-107.194874335789,1236.89088420158
P027,32.8018583915608,-105.804161293441,2896.75350122037
P028,36.0316846820641,-107.908410134522,1933.12981428771
P029,38.4391903345246,-107.638044900392,2455.40592085549
P030,41.7498146455879,-110.512811784181,2149.79203225847
P031,39.5154963703162,-107.90867293411,1657.59534222644
P032,41.7416728349902,-107.255925507451,2167.31036423285
P033,43.9528988463011,-107.387549026592,1375.89260596597
P034,34.9456193085895,-106.459268161573,1810.93462156121
P035,34.6013928427631,-105.183603678079,1780.37809011096
P036,36.4202742209495,-105.293654843515,2529.91429969422
P037,38.4217535074215,-105.10468549448,1616.88775367601
P038,34.1472549838762,-103.407340064691,1212.99179135062
P039,36.4481129058391,-103.153955544632,1493.61690782576
P040,38.0714987855111,-102.686980858159,1102.65813819851
P041,39.949491463057,-105.194268522095,1728.84624692546
P042,42.051505765957,-104.910596559868,1422.44326734956
P043,43.8811453012299,-104.185704703623,1490.93613103785
P044,40.1717903232795,-103.222485805863,1411.04138987776
P045,45.3828731107646,-112.617191330323,1618.20500871699
P046,47.0295947333936,-113.331735415039,1290.30064341844
P047,48.4213353161207,-113.219747280729,1475.57029884674
P048,45.653043609781,-111.204212282969,1491.97662479252
P049,47.3499637342446,-110.906234486443,1186.0587760252
P050,48.809476663638,-111.248433361465,1266.88656694375
P051,45.8066005096272,-108.546146826206,1081.09051582197
P052,47.374735592634,-107.018678904411,858.620396084187
P053,48.7260796052252,-107.725421532938,814.982123640682
P054,45.846348715578,-104.441421396373,1093.10907164281
P055,47.116713153428,-104.685125333368,667.743508611063
P056,36.027437817438,-119.062873280372,101.144174287907
P057,41.7565704202074,-112.62314117413,1382.22986607025
P058,40.8763066718518,-124.075370785401,21.4334602136165
P059,38.9283488645055,-123.726201874085,-11.2823222233804
P060,40.9976321313749,-122.414886673612,430.819019453354
P062,43.1123867280694,-121.090715508286,1350.28295843802
P063,44.9227217350339,-120.946154645919,965.402463631737
P064,47.969846021782,-123.487705632402,1570.75873507635
P065,46.8439591383108,-120.933093403656,1017.13859250185
P066,32.6165265799205,-116.169792158192,822.877783183649
P067,35.5517556872569,-121.002965071452,107.008961509563
P068,39.3056428595866,-117.984790644683,1455.92798736605
P069,39.2879401972544,-117.604896929358,1886.40728336166
P070,36.0447798411542,-104.698001461325,1883.54567652619
P071,39.3465469810606,-117.401182898803,2085.36668518644
P072,39.5214547709159,-116.740898384352,2061.20229155616
P073,39.5005239896351,-116.424472294324,1942.61438385716
P074,39.5464267502321,-116.049599215374,1947.68900242339
P075,39.3742431234473,-115.888819677399,1881.61611876259
P076,39.5360621055335,-115.512600486258,2006.05308923117
P077,39.3885607251683,-115.431826317931,2334.21009852002
P078,40.4334165075413,-117.879806952768,1444.8438853554
P079,39.2552088569378,-114.691659570428,2746.37191601257
P080,39.1194384974922,-114.277217337753,1972.89865956438
P081,39.0673065557426,-113.87132960698,1588.15148180792
P082,39.2689343432739,-113.505210038788,1381.0022887472
P083,40.3205807405088,-117.467638650981,1642.70033221932
P084,40.4939520630382,-113.054005375174,1432.80868414852
P085,40.4954608286889,-116.736214479741,1661.20621592813
P087,40.3632051918057,-116.279266154468,2358.40146228208
P088,40.7717687987054,-111.722893172002,1920.45851794662
P090,39.5728033174168,-119.799855553146,1503.66677239287
P091,36.614323699616,-117.531543306026,1966.86777151305
P092,36.8041938782239,-117.406804102421,2157.08614408936
P093,36.60602487609,-117.994146797691,1339.07899004115
P094,37.2008354439546,-117.704196125195,1729.2361301084
P095,39.6984304473512,-119.536907340655,1608.80605881456
P096,39.7955647346622,-119.305644783627,1243.29943546582
P097,39.8388057348937,-118.87386281991,1210.39185826207
P098,39.8888817339561,-118.684416448479,1286.58253615045
P099,39.2123198645588,-118.15935285859,2455.68192772176
P100,41.8568005911105,-113.294217426335,1883.4883155131
P101,41.6922730404716,-111.236017909453,2016.12708207872
P102,39.9249209716663,-115.556009023645,2718.09969949884
P103,39.3451399893332,-113.042078957475,1491.39510218808
P104,39.1860827459009,-112.717122166554,1397.57533208291
P105,39.3875431849257,-112.504090204063,1431.47997085254
P106,39.4589562761505,-112.262347287238,1559.54359297395
P107,35.1321801437566,-107.880021673154,1991.67368098459
P108,39.588878201119,-111.944552958244,1683.27020909761
P109,39.5974852549915,-111.6508346889,1760.9703767766
P110,39.715227189577,-111.571143759983,2266.21773548317
P111,41.8173196569538,-113.012158619841,1366.2310204875
P112,39.8169054507955,-111.449998098996,1930.38543197049
P113,40.6713040035348,-113.278035938879,1317.64377215423
P114,40.633984967071,-112.527631554416,1352.37491174972
P115,40.4744225518982,-112.42799925749,1641.9940845749
P116,40.4340241960068,-112.014231099585,2034.74257192309
P117,40.4351635456895,-111.751425592424,1628.96596251241
P118,40.6354885708271,-111.349870423357,2082.59972696391
P119,40.7317850977712,-111.2577327296,2045.4031089398
P120,35.0074556055798,-105.626077410034,2089.67658387836
P121,41.803387620015,-112.698292572348,1452.45344486056
P122,41.6353626931023,-112.33191834097,1293.20423946397
P123,36.6351711855273,-105.910848426431,2411.20186223461
P124,41.5575905045351,-111.95736920984,1772.96153065711
P125,41.5890270369206,-111.898927360534,1521.39957435755
P126,41.5832440005664,-111.78054252967,1871.72888060222
P127,39.4992136238583,-119.599926977627,1523.93472462435
P128,39.4860981284302,-119.068642756195,1320.01327501955
P129,39.133892948779,-118.449605023035,1714.13053439156
P130,39.2680349030512,-118.937761432161,1380.07676341972
P131,39.4546852774146,-118.351270316381,1825.07326473417
P132,38.7288433614512,-118.004870699783,1549.70324702316
P133,38.724601835272,-118.460214502392,1781.8266156581
P134,38.9808753783548,-118.930415469456,1885.99555355872
P135,38.7046214558094,-119.015373555711,1692.15310887973
P136,38.761366917681,-119.458528720963,1773.26840504589
P137,40.7797950493937,-119.476769155649,1331.78854682053
P138,40.2421778963113,-119.010166982393,1243.71908759958
P139,39.9081989336978,-119.72245402525,1523.00019764923
P140,38.8292349601728,-120.693197018994,1079.22930502037
P141,39.046632686338,-120.385586482835,2170.3725765652
P142,39.1235330104297,-119.810719713701,1784.93095494592
P143,38.7601667285754,-119.764838785799,1733.59232232473
P144,39.4667037437809,-120.892988458913,1436.86726331007
P145,41.3576878761107,-119.624328332657,1755.20185886478
P146,39.3374635997193,-120.537302455184,2347.29321287855
P147,39.9373862660021,-120.284416052461,2488.90602429034
P148,40.4185878724116,-120.805963683449,1584.54953101739
P149,39.6021297603549,-120.104977471768,2634.6871195908
P150,39.2923802166895,-120.033856115181,2619.08307352908
P151,40.2889012910699,-120.077265780705,1313.05774562787
P154,41.8070826356348,-123.360051959394,319.900820947742
P155,41.2724348773078,-123.188788025602,1784.09107137072
P156,40.0244438470123,-123.90612051665,489.00903658799
P157,40.2475488642982,-124.308077176662,695.830478558432
P158,40.4224917757793,-124.107209909018,873.732831949052
P159,40.5047883573526,-124.282783475793,608.22056378285
P160,40.5512530445785,-124.133272515658,94.2398747921079
P161,40.6373640376748,-124.213086797357,32.4359145291594
P162,40.691095850657,-124.237037456059,-6.46260019609861
P163,40.219572993457,-124.057292918321,425.288823892458
P164,40.1192570313317,-123.693343525768,1148.31722578328
P165,40.245549665808,-123.853267410206,545.661683275124
P166,40.4351840222361,-123.862830289332,665.29633957205
P167,40.5437049793028,-123.880179038842,1021.16540708343
P168,40.6686380647651,-123.881461428821,1093.49218151435
P169,40.7911455142082,-123.967653798024,689.403982797332
P170,40.8802329201445,-123.863282623973,918.173764229331
P171,36.4855269780823,-121.79252342985,572.759680593728
P172,36.2280770217139,-121.767249571276,312.626248553852
P173,35.9457191509004,-121.29033852556,339.247524857242
P174,36.3021539764483,-121.050903662589,342.136888131498
P175,36.4259050675119,-121.134862038625,451.403113800689
P176,37.4717746366675,-122.357144133511,433.821615698001
P177,37.5281698154627,-122.495056498441,71.7990160867721
P178,37.5345208492601,-122.332368344359,129.060733263737
P179,42.0989718708639,-123.685572838795,402.22111752992
P180,36.2928348103814,-121.403243423951,693.199219074266
P181,37.9145467443567,-122.37675938761,72.219233187591
P182,38.4950170224383,-123.181249782205,396.797610859132
P183,38.3136654823209,-123.068891572069,10.4085300347303
P184,39.1171670799949,-123.708941937172,108.956952160223
P185,39.2613054903656,-123.749340199066,146.358973439954
P186,39.1501801770388,-123.518156390412,372.819176995404
P187,39.3524787104982,-123.602545762323,164.053513604369
P188,38.6678584354,-123.229567534841,208.875395034505
P189,38.987450516533,-123.348433070896,176.956372187012
P190,39.2419560781604,-123.20405135841,202.820054304084
P191,42.2753557325428,-123.632264762863,371.409256615494
P192,39.319728486715,-123.105192758755,259.722052804208
P193,38.1229389485809,-122.908145440319,66.5997474288064
P194,38.1857179783012,-122.816261310809,235.132807066604
P195,38.664666939369,-122.959311686706,146.846221527685
P196,38.2981453060252,-122.742645445947,90.5363436036644
P197,38.4285628024841,-122.767389593968,0.0307863316566292
P198,38.2598759145046,-122.607453983071,-4.61585119358551
P199,38.2636932104296,-122.503442054951,55.6556302776839
P200,38.2398325011778,-122.451705637175,-25.0947235812233
P201,38.5598068855789,-122.658437546321,349.357929316288
P202,38.4235816979791,-122.496003614827,584.094504478892
P203,38.8661132338027,-122.917008348597,926.711066779965
P204,38.6665006553813,-122.710536728243,276.663031891735
P205,39.3981240015517,-122.963067842403,771.088918796162
P206,38.7778177318794,-122.575796439191,283.609007074199
P207,39.2600447628701,-122.718570617582,1826.59746780774
P208,39.1093017121615,-122.303871974155,74.3142545872087
P209,37.0692568974996,-122.126719462165,577.157970209108
P210,36.8161398276963,-121.731846843963,3.05239981079989
P211,36.8791780795884,-121.698042521588,60.5553328116487
P212,36.9620126389587,-121.86273823004,36.5972228469153
P213,37.2017145140257,-121.990840771608,167.105493513148
P214,37.0010220126099,-121.796573178366,73.2863113008265
P215,37.0487867926782,-121.762953892507,708.620079853433
P216,37.0024276793457,-121.72621157968,336.929552154417
P217,37.1044986046689,-121.650636318986,72.3082834184396
P218,37.2035159202048,-121.71396404877,82.7149673175092
P219,37.3424920078867,-122.284825291328,300.895537538901
P220,37.3298892900481,-122.214288389456,705.26855003777
P221,37.3369537608703,-122.099053183426,155.318076663476
P222,37.5392412137251,-122.083267905312,53.5199575057065
P223,37.7220549834833,-122.099782424266,139.959929969045
P224,37.8638975119519,-122.219063375741,407.362577701981
P225,37.7138667750005,-122.058331519699,117.164817283059
P226,37.3367771784163,-121.82558925348,5.08564309301041
P227,37.5329749572855,-121.78960040662,707.449015687429
P228,37.6018362044991,-121.686939427357,399.033607074796
P229,37.7494359607973,-121.977959442483,289.336112667865
P230,37.8189646065141,-121.786402493861,648.0073950782
P231,36.6216791531467,-121.905414801734,-26.3266332975503
P232,36.724022353362,-121.579046126635,105.361527697424
P233,36.8004277284653,-121.420287568875,196.837169028218
P234,36.8585282141131,-121.591230274586,92.5964201834144
P235,36.8142743304985,-121.541545613794,361.698561740215
P236,36.9035465122577,-121.554464710126,56.1704950322435
P237,36.6370259370763,-121.38683450884,711.579455967746
P238,36.8490811222666,-121.452771947634,44.9201004009454
P239,36.9624634410792,-121.547790827718,18.526544028773
P240,37.007808118576,-121.542036968946,25.7615382649403
P241,37.213011363453,-121.574262798032,834.239735786128
P242,36.9539331453348,-121.463186957173,14.7645209322324
P243,36.9181891375198,-121.33515536689,220.776284149819
P244,37.0108237665397,-121.35452040762,58.7286010925486
P245,37.7131162910895,-119.706124199225,1579.85193183701
P247,36.5595202844132,-121.188437496881,569.097104339296
P248,37.9756086142304,-121.868700129582,229.825929339636
P249,36.6116454143789,-121.06441394334,1155.75745860071
P250,36.9500354806414,-121.268440878895,584.705576439086
P251,36.8114501215903,-121.347952980447,128.259896740753
P252,37.1695556730056,-121.057732213215,40.1684512047728
P253,37.4784500715207,-121.653012605142,1065.07901686883
P254,37.489632556578,-121.469198390142,1076.20354826842
P255,37.5818851410742,-121.324855744303,73.5333927932633
P256,37.9319644074083,-121.604842302507,-30.6927781924286
P257,37.7552907434014,-121.464037913076,-24.6764966050613
P258,37.3853891824796,-121.283274776463,390.823858994517
P259,37.4330199690858,-121.100582660986,3.84690703893142
P261,38.1529606209136,-122.217542179928,118.164948740098
P262,38.025149108903,-122.096146909736,-8.5529229400515
P263,38.5776947695949,-122.429178980764,554.398809406451
P264,38.4442149428529,-122.195332829349,231.049789320972
P265,38.530185430066,-121.954197652479,8.04250472828925
P266,38.1839681445681,-121.843529382507,22.4567518838615
P267,38.3803354289877,-121.823237300234,-17.5003693863283
P268,38.4735261986911,-121.646414089136,-23.9472178579637
P269,38.9995251918586,-122.354556333382,298.239328135153
P270,39.2437698486624,-122.055215956841,-12.3218322967373
P271,38.6573503230602,-121.714552603494,-18.3440320580196
P272,39.1454815573143,-121.943065300416,-12.0680769774584
P273,38.115812323157,-121.388080861331,-26.4658738475157
P274,38.2831233926768,-121.460515256269,-27.8095205696392
P275,38.3215290026125,-121.2145891031,-5.26139060339721
P276,38.6453077547968,-121.095167970681,207.276770743671
P277,37.1923748406565,-122.366887854188,115.311721557521
P278,35.7112543344191,-121.060758884978,465.91386864461
P279,35.7906497238554,-121.062020769409,469.942905798795
P280,35.544056291825,-120.347609833974,476.445860046798
P281,35.8410606861534,-120.389463812064,383.843017477868
P282,35.8378097719628,-120.345216853949,394.711482208252
P283,35.8066704354146,-120.28525894193,434.217624886171
P284,35.9332627122079,-120.906848633364,512.232379430948
P285,36.4171799729438,-120.981484141404,805.768250903637
P286,36.515909047939,-120.853058768297,538.844934914557
P287,36.0248374302119,-120.697836030791,609.772288710563
P288,36.1402092043453,-120.878906001313,397.733154980686
P289,36.1068441253276,-120.748820408613,540.676407694611
P290,36.1789393963824,-120.728255013193,987.775606567651
P291,35.9227794618904,-120.644775104265,661.381028955831
P292,36.0074647781091,-120.475278511627,1018.63967247394
P293,36.0893647577812,-120.54299593631,538.884036232196
P294,36.1232367692538,-120.439884728432,509.427337383724
P295,35.6970796231596,-120.842387525999,583.507022164111
P296,36.0516555750446,-120.363563915863,265.349434510464
P297,35.9740881791956,-120.551862127759,629.321110935945
P298,36.0158427516292,-120.294061605857,323.273520324179
P299,36.2568196232987,-120.710200483394,809.414448304966
P300,36.3044276593329,-120.276983009166,137.310472992417
P301,36.8062913997408,-120.743055621368,89.2375296993208
P302,36.6347276629832,-120.618577998804,122.654367576098
P303,37.0543834519308,-120.705298470675,-2.14997850583838
P304,36.7390045166506,-120.356601599686,16.9946531821802
P305,37.3522143060295,-120.196761480269,96.0740239246571
P306,37.795167231394,-120.644461248398,82.5320761618094
P307,36.9472704315648,-120.05792267986,49.0512403411475
P308,37.9011508088553,-119.840201357691,1501.87587019461
P309,38.0899904439149,-120.951240359608,41.4171545607119
P310,38.7356071322759,-120.334339940346,1791.33277811825
P311,37.17756291965,-118.519803680997,3698.66829410448
P312,39.5291802164102,-123.698379202453,254.902846169782
P313,39.5542897944991,-123.564549296027,651.755958606647
P314,39.6856650102746,-123.581852709208,1251.94236729087
P315,39.8635841310215,-123.716900694449,257.950103158587
P316,41.5591331862601,-124.086145584221,234.971746497077
P317,39.9056707386099,-123.551854013288,1118.66330741517
P318,39.4523699390108,-123.371857260169,594.953616275669
P319,39.7070970223122,-123.295082631537,513.060094513747
P320,39.4928274594347,-123.186788935967,392.439265706418
P321,39.8972209096073,-123.394950414859,1133.67066042119
P322,39.962143850081,-123.182484272104,1433.93674984805
P324,40.2568383297692,-123.655740088685,509.369361622527
P325,41.1516702798589,-123.882608365955,914.587412050239
P326,40.5753140422541,-123.69893247224,1261.70628940039
P327,40.4788605226773,-123.573066674982,710.08283
P329,40.082214819722,-123.452049227053,1034.63271922056
P330,40.3240688215203,-123.135584318992,1653.02084582853
P331,40.7329144179987,-123.32414506119,1541.99214537874
P332,40.5466504462549,-123.174506563683,684.503781588894
P333,39.621381070253,-122.975756711985,2008.84619434049
P334,39.4935919509691,-122.735874393221,1936.2492507776
P335,39.7261899162138,-122.873639879646,2229.50066967953
P336,39.5280799339492,-122.430486524083,286.728718812453
P337,40.2961887754041,-122.868807331781,1193.33718517192
P338,40.7475529209945,-122.923031061511,672.223600445282
P339,40.0341105509795,-122.668252324871,979.577362978062
P340,39.4093386593341,-123.049825770751,864.72083811717
P341,40.6506561543423,-122.606902780542,406.845139410769
P343,40.8871281331916,-123.334212414874,1617.48008706263
P344,39.92912305457,-122.027974428967,49.764883201876
P345,40.2712344140799,-122.270809157214,134.072892533308
P346,39.794709788144,-120.867466593211,2037.35733292098
P347,41.1833430102964,-120.948463943919,1268.82136633075
P348,40.9055456391364,-121.8280054979,1668.06838499742
P349,40.7310853305339,-122.319353664815,275.397854414619
P350,43.5327561733224,-114.862840837,2388.36001348103
P351,43.874413974092,-114.719164605976,2692.60729529229
P352,43.8490583373115,-114.096077211807,2474.68062220835
P353,44.054537832994,-113.978803167863,2041.01879204238
P354,44.1085105912062,-113.978942467914,2000.30490398077
P355,44.2179205542923,-113.72208893609,2329.2284
P356,43.8166363742161,-110.489113290822,2227.73333955425
P357,44.2271045836295,-113.581893342846,2295.35602247261
P358,44.4018964974132,-113.24066634931,2419.39441763967
P359,43.4824896587021,-111.529502183802,2116.45615317636
P360,44.3178506241135,-111.450679681717,1857.85328783695
P361,44.5603471505251,-111.439691271341,2930.93636822373
P362,42.209104061244,-124.22578962294,1012.4147141045
P364,43.0903281930387,-124.409290738842,6.46789069677102
P365,43.3955184812705,-124.25348337776,27.113962359626
P366,43.6143107673173,-123.979594697045,529.107614841014
P367,44.5852464292979,-124.061571542718,22.9316366255949
P368,42.5035245229976,-123.383421819327,319.457859101013
P369,43.1401048749787,-123.429461368701,190.048361907207
P370,42.1909868838403,-122.656373252096,555.058350798382
P371,43.3632734787148,-123.057900778803,1198.07099415771
P372,45.4281368868199,-117.25165915331,1208.31989349779
P373,43.6225189835536,-123.333275893412,169.932487644215
P374,44.3819257145496,-123.590641153888,73.2305929989348
P375,44.6892544317752,-123.426987656342,99.2276387378728
P376,44.9412026409267,-123.102267386802,180.880048188038
P377,44.052118449244,-122.887059348014,142.411837722166
P378,44.5349822060272,-122.930882584108,83.13592789419
P380,42.259670057616,-121.779699516561,1390.82742116108
P381,43.0017761657769,-119.951804978053,1567.47411332665
P382,43.177056377438,-121.769575440544,1453.24346346734
P383,44.3421842001499,-122.217221669927,1295.59166236309
P384,44.8411303650778,-122.482819427073,1182.57732342543
P385,44.4348479363731,-121.945835301378,1120.81797136787
P386,44.4028270880823,-118.967818877581,1103.5132360116
P387,44.2967556188065,-121.574478461484,962.615652570073
P388,42.4687792061357,-120.377612505455,1405.75831523444
P389,43.8119919065362,-120.603362732351,1397.45011078163
P390,43.0340072313635,-118.928491331612,1554.85770807515
P391,42.2546286912399,-118.41247523229,1834.24753818052
P392,43.4467583004737,-119.001002480108,1315.52978411229
P393,43.2344948849418,-117.892039989723,1238.32354159386
P394,44.8348804203018,-117.799639587942,1010.70650067464
P395,45.0222792809023,-123.85752763538,53.053642256986
P396,45.3095133694739,-123.822896110214,54.5808912163593
P397,46.4216191546704,-123.799161004545,566.323976059818
P398,46.9257847675748,-123.916144836418,23.5156586613533
P399,47.4339195482253,-123.612961179076,919.450691784527
P400,47.5133482995575,-123.812450899705,65.0257368741175
P401,47.9371878785005,-124.557018617331,36.2291206392873
P402,47.7662213275115,-124.305896952694,23.7527095387122
P403,48.0623218165181,-124.140875205232,284.714297346279
P404,45.158533766681,-123.390328813751,79.0453911750764
P405,45.6293269810612,-123.643757756287,955.671877442987
P406,45.1903722221821,-123.152257704166,27.2944525978899
P407,45.9546493623781,-123.93100587728,-13.0835893251567
P408,46.2005016417029,-123.376587404559,35.2885995337147
P409,45.8512934858334,-123.239478413483,177.302892133169
P410,46.1111415244714,-123.078606373063,173.133260402928
P411,45.5379926653826,-123.157418040474,83.4054703514268
P412,45.2211055563432,-122.589102374697,53.2152613455353
P413,48.4265111370552,-120.149585436626,501.270115608476
P414,45.8348682555198,-122.692838531783,63.85196226261
P415,46.6559906661674,-123.729866293932,-15.3892608297728
P416,47.0399416408224,-121.596929535078,1576.52262635886
P417,46.5747376754712,-123.297930596254,102.47323755886
P418,47.2366448666898,-123.407814107874,115.158289609952
P419,47.4092984058781,-123.36652692495,935.982358498577
P420,46.5886017472031,-122.866332796123,74.1113280025601
P421,46.531855697148,-122.429230182572,220.584579741484
P422,46.7978649398057,-116.979685310926,843.732128284594
P423,47.2879031307169,-122.941211032037,39.9712819752373
P424,47.823183403898,-122.874713361203,-1.56476799523369
P425,46.4526936209032,-122.845399901611,64.2680062954977
P426,47.8027242913152,-122.514586358551,3.33173715865265
P427,45.4301783405007,-122.340632343723,149.206988698183
P429,45.6761274164683,-121.877361404875,25.5585629512396
P431,46.5720810880484,-121.9884540747,1422.71251244768
P432,46.6228552407007,-121.683231101771,318.885106744868
P433,44.5325216107278,-119.872013389947,1158.6888528795
P434,47.7402019567729,-121.075610122904,1698.03098349827
P435,48.0595486661399,-123.503279351033,287.343070382146
P436,48.0453021481092,-123.13434892043,190.906620252537
P437,48.0018089342049,-122.459158512734,12.4661853863141
P438,48.4191472862557,-122.670263942677,-9.89588789356019
P439,48.7081919422077,-122.909304568505,-13.8606535441869
P440,48.8561927031411,-122.493342395247,6.36660441198688
P441,48.9159781672498,-122.139643202428,115.209746311237
P442,48.2604794380379,-121.615551065091,146.898617494064
P443,48.5096471659532,-121.285558162569,1062.1208858396
P444,48.7302185844012,-121.06754929879,493.886707176008
P445,45.590122502229,-120.672247706426,436.076392092487
P446,46.1156620336664,-122.892788751878,-16.4523545304685
P447,45.4528206555934,-119.690126224184,471.240075565818
P448,45.9105778967999,-120.005201888892,261.43624685426
P449,46.2597916585179,-119.630998289396,208.440352059236
P450,45.9533343877469,-119.544195945588,163.679775203842
P451,46.7927859464167,-119.041363133827,351.443572887576
P452,47.4035482860575,-119.487283845822,323.066338822883
P453,47.7591321784487,-118.745458238052,644.23058535004
P454,47.9538152201143,-118.992580011111,478.955927696114
P455,44.4855673899161,-112.728550765798,2593.93882099962
P456,44.8634862864307,-111.225109102862,2956.33324522232
P457,45.0412271951642,-111.272634788523,2261.93702176539
P458,44.765686962529,-111.301512013395,2393.92040795524
P459,43.7483282124305,-110.74581194709,2135.67253044139
P460,45.1399853945959,-111.028596084479,2197.83000561484
P461,45.3542494076721,-110.758685387222,1544.08757388185
P462,36.0713160176822,-116.62870983135,1334.41123260345
P463,36.0224649512373,-117.164674583089,1327.01545283761
P464,36.1590446568149,-117.410002735245,911.553928172257
P465,36.4668339834539,-118.13243559975,2901.55869443789
P466,36.5312488209901,-117.789463047269,2754.59902469844
P467,36.5702019132022,-118.090625492533,1380.13516273305
P468,36.9756819600145,-118.118365006469,2853.33202576578
P469,37.2314245451229,-117.935811849127,1794.847186049
P470,34.462405527512,-117.393891954287,991.402836466461
P471,33.5621268171157,-117.540869585429,174.771704270053
P472,32.889211034192,-117.104699361962,137.848844697498
P473,32.7337779721215,-116.949519628602,188.559345906522
P474,33.3551947346155,-117.248695966586,182.915087103957
P475,32.6663976890094,-117.243939414597,-25.0421330911105
P476,33.4396508434873,-117.189680578383,309.75790035249
P477,33.5028026799387,-117.113375604663,334.46562336209
P478,33.2357167611553,-117.071594610499,371.577198036718
P479,33.4933190574579,-116.782933540892,1093.84481166176
P480,32.9759973928231,-116.34853953801,436.044122924504
P481,32.8222404105821,-116.010794927499,610.914897770411
P482,33.2401807486755,-116.671416395172,878.718600445643
P483,33.059165502286,-116.569329377393,1375.55586596911
P484,33.3755937601634,-116.620841416092,1382.48866979954
P485,33.2102131309491,-116.409042741851,372.156615096091
P486,33.260192574132,-116.32228953394,126.268792548127
P487,33.2135324058291,-116.18307590123,90.2520947670398
P488,33.2010163822112,-116.078812981939,61.7357995987052
P489,33.2962136051774,-116.111611099319,290.327399534766
P490,33.5234631198376,-116.425907682502,2622.44747803876
P491,33.5746794252354,-116.226827078652,4.26671008114229
P492,32.8870491245295,-115.969453977922,68.851292515895
P493,32.9547036999603,-115.824894088596,197.506217166142
P494,32.7596550932359,-115.732069363221,-44.2667623526829
P495,33.0449610426118,-115.628395196739,-84.0389243291812
P496,32.7506261387765,-115.595955811961,-40.057854399611
P497,32.8347355163399,-115.57703344987,-50.9917495508704
P498,32.8984313374351,-115.569567817666,-58.0309626714328
P499,32.979606119406,-115.487913593948,-74.2007949338271
P500,32.6900464256508,-115.299932837681,-20.5878443450912
P501,32.8757560773803,-115.397913332144,-55.688639827037
P502,32.982450907909,-115.421912699641,-66.0529158438929
P503,32.9489157772096,-115.720184359898,6.14468641823978
P504,33.5164101495063,-115.765848943232,84.0223778325591
P505,33.4238734124961,-115.687001210751,-57.781760126038
P506,33.0814301070553,-115.51019936564,-83.4235463625952
P507,33.199975520782,-115.612406866715,-78.5385423524568
P508,33.2477799692115,-115.42870653179,10.7080965183385
P509,32.8906626169844,-115.293918329181,-29.6266389224842
P510,33.1435739633206,-115.343333616717,1.53097432844433
P511,33.8869345764868,-115.296102315451,273.348606792009
P512,37.5626352101965,-119.694449547432,1344.72849577491
P513,34.907265109036,-120.650177209539,284.591175280255
P514,35.0107168521811,-120.409753804982,140.933761455161
P515,34.8705563563661,-120.239855485152,290.643160749395
P516,35.1062031298627,-120.383396273902,262.995015266925
P517,34.3763670342797,-118.177575955686,1959.1856199126
P518,35.0200352959784,-120.075311218794,1101.80730661873
P519,34.507813391191,-119.792441912144,810.924831886707
P520,34.630485544064,-119.616410120589,1250.8437793446
P521,34.8885692390737,-119.815359755131,1709.09431351875
P522,35.0866125527938,-119.536065773811,991.114756685552
P523,35.3044521823645,-120.86027737792,41.389940878839
P525,35.425769818003,-120.808145799244,271.387478339462
P526,35.6359769762332,-120.869741640201,416.850769940587
P527,35.7541461980705,-120.604758486214,347.943000585241
P528,35.3278134238466,-120.545452784833,367.37672207566
P529,35.4404535272045,-120.353832202075,437.345147051323
P530,35.6248030975765,-120.480437862467,388.378651367362
P531,35.7926922988021,-120.536604216849,440.144453571822
P532,35.6338132992273,-120.267030483287,533.267779528721
P533,35.747931924837,-120.370957230356,603.214741303508
P534,37.0612337767694,-122.237615028189,204.266941579428
P535,35.2351292461301,-120.101425783197,571.583428164102
P536,35.2797695098568,-120.025024205434,665.388397558825
P537,35.316797592705,-119.935344437574,581.835400370218
P538,35.534175054013,-120.112503246332,641.208869429894
P539,35.7026747877786,-120.182053544773,601.122476821005
P540,35.8012801117073,-120.130638967222,393.687477102578
P541,35.6867324079497,-120.000681124076,209.222909017064
P542,35.6889117649254,-120.29260357851,587.9785162999
P543,35.3189933396731,-119.713224391893,544.064203144292
P544,35.7312682793821,-119.738037218809,33.5984997800661
P545,35.4998425552063,-119.535810103787,50.6771951403081
P546,35.9279045673342,-120.15488689671,635.282246542055
P547,35.9347041015903,-119.909363185122,45.8949654325571
P548,34.4668081867492,-119.50394894144,1134.85948068013
P549,34.599601411117,-119.326342760278,1250.30328240606
P550,34.6600845733425,-119.114623816424,1526.14921582963
P551,34.856200051004,-119.154573824376,1550.32889250114
P552,35.6867270112304,-120.244964169043,581.693464557005
P553,34.8350951551326,-118.878971140965,1335.87398103552
P554,34.7922980203933,-118.848031852578,1170.15998689826
P555,34.6949917847626,-118.669426415767,1096.00319761918
P556,34.771109684113,-118.545456400648,852.628932138487
P557,34.9443856970076,-118.655589708915,1818.23318145091
P558,35.1386060243663,-118.61165741302,1411.46660421079
P560,34.8218118960315,-118.540869646691,838.304796812102
P561,34.6184606484127,-118.39905844325,974.420962040911
P563,35.4186697348668,-119.421168458693,56.5694038064153
P564,35.6229118386242,-119.349392520266,60.6730352021469
P565,35.7438940008174,-119.236655562091,62.7821753000923
P566,36.3244547598313,-119.229289658616,78.0553236182023
P567,35.4209468047702,-118.753579526384,706.35146353795
P568,35.254307735922,-118.126514972409,1301.23554628413
P569,35.3779690895093,-118.123769629609,1275.74436537672
P570,35.6673484605673,-118.26004144585,810.888332015872
P571,36.2313659856154,-118.76671787291,914.219480748174
P572,36.5855161482068,-118.954598360584,1167.33623615577
P573,36.0930946574942,-118.26050122282,2441.3899298332
P574,34.2867706227852,-117.633888743946,2873.78939858497
P575,34.2155137434777,-117.542164497795,1928.42067338706
P576,35.6696642933824,-120.970004278352,324.43089348044
P577,34.3046060110647,-117.318916512885,999.566408083166
P578,35.6943324017467,-120.239034195384,536.297869856942
P579,35.038763225527,-118.005767248183,834.227165002289
P580,35.6209472051944,-117.192226695005,1669.63501748813
P581,34.5097399207755,-117.729004424759,972.807309495874
P582,34.6342594265421,-117.548862345319,848.039780714601
P583,34.9870046267157,-117.54339501226,730.768674400454
P584,33.8926040955481,-116.951644267999,738.761901482504
P585,34.0193484773098,-116.545748803247,958.164550430059
P586,34.5348442148665,-117.280523491592,809.412458813456
P587,34.3322346768287,-118.031340921491,1600.78068596077
P588,34.7854381024736,-117.267601782566,709.789947562961
P589,34.6206676861446,-117.110192126621,1148.07420447591
P590,35.1167779224172,-117.364752487553,678.533668428493
P591,35.1524255554256,-118.016477000074,708.836938389072
P592,35.2385523055753,-117.303231346043,1049.33795268011
P593,35.3878701843759,-117.205061139953,1375.78474134425
P594,35.8967096344668,-117.390134046406,937.426785564346
P595,35.6975574366326,-117.402830680283,644.481032666692
P596,35.9981771769465,-116.889524111639,430.492679956556
P597,35.7105993198031,-116.888397765453,1194.17281756713
P598,34.1924624076686,-116.710269620028,2746.48584293516
P599,34.2171711757744,-116.53746640721,1323.91270159313
P600,33.8658464368704,-116.211878254404,792.094632453579
P601,33.9592966191745,-116.08022995662,1242.64792623473
P602,35.7291657941783,-120.227895926385,648.249166636816
P603,34.7169057522146,-116.029504936771,624.721133232668
P604,34.9368278981156,-116.671455685609,588.445851007078
P605,34.3411287780114,-117.936669294004,2419.74103634447
P606,34.4620645613526,-116.879626484758,863.370475999283
P607,33.7410394916921,-115.820654588527,958.731976567541
P608,33.9940832646985,-115.686604866206,632.318801871525
P609,34.0626873319251,-116.892820387122,2721.241099067
P610,34.4257466685629,-115.763726499906,343.853964170928
P611,35.2047732318813,-115.649813047193,1333.03890168082
P612,34.187383073429,-117.31552042592,531.732848893295
P613,34.196190310336,-117.049965280429,2355.17423305216
P614,34.7317933901656,-115.250264050127,490.998696426463
P615,35.2046088981675,-116.762911059909,995.156758035184
P616,35.4245644179613,-117.893335027571,1071.20812019922
P617,35.320642719313,-116.571646281341,887.69709072146
P618,35.1418891549896,-116.103933635265,263.386176014381
P619,35.5259476176525,-116.121804387257,388.954210270114
P620,35.7853638424687,-116.144921525195,668.731240172735
P621,35.4727599301808,-115.543951587647,1420.52155141545
P622,35.1629911290018,-115.365866074294,1524.48071573344
P623,34.1889332401949,-114.599406275583,267.760942528608
P625,34.8444429604844,-114.965145146828,606.790273882195
P626,35.2911187444491,-115.238278732203,1442.77635571535
P627,37.9731009047109,-118.378526629114,2342.16189477876
P628,37.9342304481665,-119.249355181324,2924.44653584978
P629,37.3758666168503,-119.179375001713,2725.69276527867
P630,37.6130362214096,-119.000444300629,2740.62676798481
P631,37.6053246564784,-118.915941812331,2659.85995115434
P632,37.785665026842,-119.086076858669,2389.83155180813
P633,37.9134604229745,-119.032989455671,2293.03775890515
P634,37.6965922637529,-119.025782372114,2467.47304891656
P635,37.8393138665458,-119.137992450556,2484.21575905851
P636,37.9627714074205,-119.146708793027,2739.07741164364
P637,37.9141058807973,-119.083700361602,2031.68568408212
P638,37.7343179056422,-118.943480637722,2491.95041601531
P639,37.6545623008797,-118.868710468887,2339.36207857453
P640,37.8917386995402,-118.960409687296,2200.95238714938
P641,37.878189475318,-118.851921593252,2527.20848463137
P642,37.5913666628423,-118.816672141939,2667.41073280952
P643,37.5615527691289,-118.69816389783,2122.01549538666
P644,37.4953920751251,-118.684404764401,3458.64984149286
P645,37.5412715275465,-118.593457231351,2007.72521930985
P646,37.6770346196878,-118.819989291632,2102.06240538847
P647,37.7543617518141,-118.767707768918,2235.56696901055
P648,37.8000160256649,-119.019214664267,2572.42445697567
P649,37.9034565237022,-118.736231478143,2153.97950577729
P650,37.891276498862,-118.554902399507,2298.20657859328
P651,37.5631092704017,-118.386984692698,1316.7326178675
P652,37.5891576944291,-118.238453544066,3865.31127634259
P653,37.7374995940762,-118.471662057466,1826.3155640797
P654,38.0579347759967,-119.150191626751,2053.48648827708
P655,41.2944856020788,-122.206324084384,1542.52963221245
P656,41.3448383367647,-122.195839777204,2398.74886597767
P657,41.3812390556243,-122.293850435147,1684.44572773241
P658,41.4791766709793,-122.1909140689,1915.19430339981
P659,41.4537332951308,-122.09266566098,1791.09943439391
P660,41.4095911810647,-122.067679929872,1587.21087868913
P661,41.4635977675964,-122.312672513714,1324.19257082187
P663,41.531939494325,-122.152924745986,2238.01919283254
P664,40.4731959436878,-121.495907130406,2569.05171
P665,40.4561281484463,-121.525756730102,2326.72767049917
P666,40.4653456511944,-121.514511666443,2471.4671173668
P667,40.4658268321864,-121.467443033412,2333.97732793356
P668,40.5089935552592,-121.463079511468,1982.44506350955
P669,40.4921244619908,-121.603788594463,1842.93264126444
P670,40.5399050314341,-121.577198723713,1731.72787704918
P671,40.409141260777,-121.428210854349,1958.79313829323
P672,41.71156988031,-121.506940065875,1435.0949791132
P673,41.5858230235125,-121.613016816617,2017.84363042252
P674,41.6163221164576,-121.48998806959,1897.20344328359
P675,42.212220878196,-112.71882391768,1559.13218966914
P676,44.6542155993965,-111.337953016174,2189.80764981869
P677,42.8789184875641,-113.868304553121,1284.82002062085
P678,43.4489630953412,-112.804552851406,1535.34792155079
P679,44.0398191456694,-113.306482821066,1936.42389797712
P680,44.5983564465691,-111.098751638782,2315.93975866958
P681,44.3997753082607,-112.636475652176,1976.07277888315
P682,42.5033002217047,-110.907528380687,2323.99990313578
P683,42.8266966979733,-111.734539848747,2065.70947075891
P684,43.9191478141801,-111.450488701855,1693.93251142474
P685,44.067946730418,-111.830156712051,1606.83140837241
P686,44.2520543524641,-111.155038124119,2165.30856092036
P687,46.1095717907395,-122.354640179482,391.103720974492
P688,46.0301210558324,-122.164161886065,1165.74875761189
P689,46.1895531116438,-122.360621126576,1359.45083478782
P690,46.1799885166683,-122.189870571826,2078.90137166394
P691,46.231483383475,-122.226965862479,1182.89608622517
P692,46.2244980759236,-122.184209036281,1491.8582899564
P693,46.2103211686204,-122.202349367317,2112.96752799627
P694,46.2996291717762,-122.181932337503,1725.67658225238
P695,46.1989868558041,-122.164214673236,2015.66036023513
P696,46.1968808229233,-122.151637201093,1600.00341649865
P697,46.1876425672381,-122.176611811488,2214.58267353606
P698,46.1734652046217,-122.1606127861,1479.37210279797
P700,46.1781345346196,-122.217366935667,1521.66555114504
P701,46.1946243466655,-122.133353117232,1247.42990048039
P702,46.3001610635023,-122.345649111722,1305.70681318727
P703,46.1452576624053,-122.196192621727,988.402179171334
P705,46.1729582141915,-122.310595041477,1150.86197199138
P706,45.0434693805923,-112.524091344815,1810.72525967134
P707,44.7187695960419,-111.837166068837,2292.8263414892
P709,44.3917947261048,-110.286008743802,2379.72806115094
P710,44.0957534345898,-110.732143804336,2172.52258407634
P711,44.6355642211168,-110.861068340957,2118.72552585479
P712,44.9574709219942,-111.072381035049,2161.52425831905
P714,44.8958485678078,-110.744424505161,2250.4908686802
P715,43.5007683836137,-109.689853706036,2988.25131215966
P716,44.7182572431353,-110.511514743809,2386.6503610618
P717,44.4854056108376,-109.897293725596,2270.23833507016
P718,44.7531002014825,-109.376309272762,2577.12692705083
P719,45.2177568302339,-111.789026089521,1706.35192887313
P720,44.9430998713053,-110.306259226275,1923.95400495841
P721,45.0028748804422,-110.002051329341,2236.31713327121
P722,45.4572236058974,-109.571012415009,1452.79164651095
P723,37.3804260933304,-118.724778447554,3197.82691294672
P724,37.4394769972693,-118.561071114661,1371.64531042808
P725,37.0888952523288,-119.745608638227,330.965966130364
P726,37.2805286571908,-118.146698311319,2202.15291905074
P727,37.2735786999231,-118.466775037661,2677.23402421236
P728,39.1776995568655,-106.973982483157,3426.13324401486
P729,34.2630827555515,-119.096063451679,36.0523367471658
P730,41.3591969251508,-120.828252196441,1822.48853363813
P731,41.332514633867,-120.472764039541,1391.29887788766
P732,43.3924992575503,-123.891371405137,582.11191963891
P733,42.4420160268995,-124.413298392655,184.589093381303
P734,42.0766350097963,-124.293258010592,113.360181761731
P735,42.6916097566175,-123.23100047675,1577.69562525584
P736,42.5798298390618,-121.880129732552,1259.5705797502
P737,42.7271418113686,-122.609637087804,1245.76800666344
P738,42.5460805684965,-119.658703442298,1706.78377782892
P739,42.0201991106685,-117.725431781095,1351.89669544316
P740,33.5981954627312,-116.595978301899,1372.10282088214
P741,33.557474135097,-116.531024021956,1371.287006763
P742,33.4955439277075,-116.60257608891,1142.66864742437
P744,32.8293826308633,-115.508407119495,-52.7207255312724
P775,40.4753911090093,-86.9920879712176,182.453849474921
P776,43.5432657539161,-71.378557495719,476.950227479767
P777,35.7026600248343,-92.5454737126974,335.38471925156
P779,35.201941759323,-82.8724802667003,878.752725690069
P780,18.0750266875265,-66.5791343109592,154.09670619022
P783,40.8075728376874,-111.414722975096,1819.7898702778
P784,41.8308155572955,-122.420457938736,802.259960587458
P786,41.8454848386156,-123.980791142521,83.9972788658079
P787,36.7994781045901,-121.580835730995,113.656550938809
P788,36.7443375169127,-121.478766974025,626.654078943134
P789,35.9465885877721,-120.471731276399,503.402819767973
P790,35.9291498449523,-120.515379727051,553.735407283785
P791,45.3445303932737,-121.672682395669,1985.19307551293
P792,46.2446215237361,-122.136891787131,1257.16253237345
P793,40.4787535872322,-123.573132237961,709.88366
P794,39.8456798752958,-122.963759020536,2088.63223094086
P795,34.5081234429099,-116.148127437046,1095.33507707779
P796,32.4978719413014,-114.759349327527,10.179333787459
P797,33.5372939448924,-116.592528954462,1403.81314383735
P798,43.7960211305199,-110.96059322503,2450.5770403113
P799,33.9276496647822,-118.306353072769,24.8507436575159
P800,34.0216913881684,-118.349071377628,-2.27582110699237
P801,44.3896701794004,-110.543732965057,2368.67421078119
P802,46.5575516191447,-100.623412105859,572.374515762515
P803,46.3264544186931,-90.6836508311094,414.2477187036
P804,32.9632879995729,-84.225755734957,216.390553379395
P805,32.9632366778589,-84.2258311967631,215.757322131323
P806,32.9633122393665,-84.2258489190065,215.888640750979
P807,30.4946436802852,-98.8220424206166,419.025372534844
P808,34.8360203149236,-118.621456631054,914.357291927156
P809,35.743899973976,-119.236757170512,62.6366248205465
P810,35.7439575002069,-119.236720415494,62.4446389061373
P811,35.1524322393119,-118.01660822974,708.726878504143
P812,35.1524998161018,-118.016536322069,708.376856771608
P813,47.759209504541,-118.745525784526,644.056995203669
P814,47.759206075231,-118.7453844511,644.410947273352
P815,47.9371877602645,-124.557151997359,36.2394980494204
P816,47.9371105027608,-124.557087245663,35.7656386624652
P817,40.1455806486115,-78.511170002492,384.048195521626
P818,45.4573536334787,-109.571009620085,1452.48953777645
P819,45.4572915973703,-109.571154793657,1453.13107229511
P820,42.8618517727632,-124.053945973662,68.8424060797754
P821,43.1445511076162,-123.428986631965,252.271862025766
PABH,47.2127998694162,-124.204581330397,12.9208623117376
PAL2,-64.77509,-64.05112,30.9
PALX,31.5591184781644,-116.063789267316,1545.48741180522
PB1Y,32.647944,-115.692443,0.5
PB2Y,32.6139194128611,-115.889613283283,267.944818579229
PBHR,35.7089549990243,-121.272415987818,152.240717426349
PBPP,34.5082280509264,-117.922574945744,901.96246928416
PCOL,47.1720563047203,-122.570806934492,79.1453587841868
PDBG,34.2112844513733,-106.826814224222,1503.76251012344
PEA1,36.1869070892566,-120.758597641616,789.689226215356
PEA2,36.1805327983065,-120.766844952045,682.472545673878
PECE,-85.6119,-68.5564,1494.1
PECL,-37.68699,-73.650566,103.4
PENA,19.3905344400461,-104.101475941008,1491.01733307466
PHIG,-77.525489,167.049936,3127
PHJX,32.4900569195346,-115.550452792462,105.44822507158
PHNX,-77.94758,166.7576,-39.6
PIGT,36.3702959875997,-90.175203560231,55.2543439243182
PIRT,-81.10324,-85.142598,1261.1
PJZX,32.4170087172983,-115.883733580461,1335.74567949316
PKMN,36.39615,25.384583,132.551
PKRD,34.0715619914103,-118.232908419343,130.887937537044
PLCX,31.2552154080077,-116.158075993344,182.997897467537
PLPK,66.8977278984072,-34.0334621895061,122.351424191364
PLPX,31.5886022929425,-115.151278730002,813.506738451839
PLTX,31.8163413803321,-115.43089655408,236.526604224473
PMKZ,61.283698,-141.923154,39
PNE2,10.1951645119313,-85.8287085791455,19.6927772749514
POLS,12.6493215025152,-86.8129219498404,133.278321763399
POMM,35.919913327837,-120.478440499379,597.159342623773
POPT,16.3254344681839,-89.4104953951674,521.664045557293
PPBF,33.8357284658463,-117.182092821198,428.112498989064
PPEC,-0.4989,-79.3476,246
PRCG,17.9345965068142,-76.8456100875802,-12.53467
PRML,17.9368454213526,-76.8429589097186,-9.60543949525448
PRMO,4.80116480617464,-75.4513265540042,4567.38410183792
PRPT,-66.0067,-65.3393,15
PRX5,39.9494914594405,-105.194268515708,1728.8485624749
PSTX,31.3131225040448,-115.835435874425,902.137787765346
PTAX,32.3774875555494,-115.456336502556,1060.39001313189
PTEX,32.2884537424577,-116.521238360309,340.59160821462
PTGV,36.413471282476,-89.6996850338188,58.0358643373358
PTPA,8.938010889,-82.144366088,288.6
PTPP,8.20437,-82.87904,137
PTSG,41.7827415463437,-124.255200661925,-10.1687660688363
PUIN,3.85120020303033,-67.9033411111206,96.0520975150843
PUJE,10.1139773918321,-85.2724791932737,29.2024954940511
PUMO,10.064498523442,-84.9667138026635,17.9911043557654
PUPU,47.4995587571698,-122.008081608744,542.413299693803
PVRS,33.773865222145,-118.320593045512,59.8371962490579
QAAR,70.7404061093566,-52.6883768099847,53.0841112619286
QCY2,36.1610682813154,-121.137352187105,101.455497987744
QSEC,9.84037908475752,-85.3572726943648,17.7971416056366
QTIT,30.162921,66.988896,1683
QUEN,12.5917923551069,-86.8518866505777,449.576452229396
QUEX,32.5492061195809,-115.153226352861,-16.2318952978726
RAMT,35.3387159239605,-117.683351989777,1406.61342379153
RCA2,34.4999833780978,-119.720001590323,1179.23149488637
RCHY,16.7039039620911,-62.1532091042122,313.1360680807
RCSC,33.4441446379176,-117.586478233419,160.987813277799
RDAZ,18.445493423061,-70.7160562602788,33.428775847849
RDBA,18.2769199983428,-70.3283573174173,30.1893206692532
RDBO,18.9477001299556,-70.4049004565804,137.58623499304
RDCM,-30.9494714,-69.0825649,3178.2
RDCT,29.810418,-95.494718,6
RDF2,19.4518594189973,-70.6802122513105,183.902725512102
RDHI,18.5979708411077,-68.7183208465119,61.1810844473683
RDLP,-31.925592,-69.708079,1986.3
RDLT,19.3066113313691,-69.5466580885213,-13.7959289240792
RDMA,19.5387853750621,-71.0772401721093,65.7290583609082
RDMC,19.848740963298,-71.6388573602305,-18.8612785807119
RDMS,18.9796074342556,-69.0408163083023,-16.8216078690544
RDMT,34.6439407837579,-116.624689005703,1783.02185892226
RDNE,18.5007522040683,-71.4204548925092,91.395713184333
RDON,16.934184148596,-62.3462573855437,106.599496937443
RDSD,18.4613980698267,-69.9113228161244,-9.17245589326044
RDSF,19.2857128762651,-70.2464895817229,76.5787290256282
RDSJ,18.8194763174215,-71.2270054324428,405.14760458279
REC1,-82.811995,18.90546,2553.2
REC2,-81.70737,8.57978,2446
REDM,44.2597667142924,-121.147882953506,919.824045680182
REGI,39.454,16.16,389
REPO,36.8403521221362,-116.468344443192,1479.46971706827
RG01,34.6670723215617,-108.043813665287,2157.54682554864
RG03,33.6546916002786,-105.154165218585,1572.61761138789
RG05,32.5525260430372,-108.356379585349,1802.32027894194
RG06,32.6348975344754,-107.864788968705,1633.22386312513
RG07,32.4964935934497,-106.843315497075,1400.69622240567
RG08,32.7283524604886,-104.994064047142,1488.65743690926
RG09,36.3046145769686,-107.055884702257,2186.81954109083
RG10,36.4512244592194,-106.538557336895,2218.01198784898
RG11,36.523165793551,-105.779102417545,2211.24053408335
RG12,36.4586089864989,-104.968343635983,2139.45279403436
RG13,36.4912582432353,-104.211490686374,2039.56272084274
RG14,39.9558391049069,-107.973464909495,2034.53377747105
RG16,39.8843571133572,-106.348510617161,2597.69456
RG17,39.7617589279389,-105.669646443066,2703.88632673684
RG18,39.0650293479599,-106.400556883051,2815.45074436047
RG19,39.1900881514916,-105.55202481657,2703.7372303618
RG20,37.8923201647289,-107.695602017163,3741.45364837726
RG21,37.7678468573601,-107.109196500731,2763.91055617744
RG22,37.7940392076537,-106.341675507197,2507.17818441826
RG23,37.7438723481877,-105.498515970687,2621.241726439
RG24,37.9635245190087,-104.966767883018,2211.931511296
RG25,33.9855201055971,-108.231383440242,2308.52989363985
RG26,39.9095214364779,-106.788732402457,2055.58223420936
RHCL,34.0190528708427,-118.026174613508,176.886542794881
RIBA,36.455012,25.343574,46.26
RINK,71.8485005408001,-50.993965379368,1337.91241649668
RIOP,-1.6506,-78.6511,2816.082
RLAP,36.474234412253,-89.3454446085011,58.3835682665545
RMBO,-83.8732,-66.3938,784.7
RMJT,27.305,86.549,1332
RMVJ,33.4858125724987,-117.555324583961,136.398563590402
RN86,41.864855,-111.502517,2590.8
RNCH,35.8999970795676,-120.524830965519,838.830178414847
RNDY,27.60094386,-82.75621258,-16.56
ROA0,16.3181537939222,-86.5268403390696,10.035217194998
ROB4,-77.034438892,163.190108985,-41.5319
ROBN,-65.2465,-59.4446,57.9
RSTP,34.8750819413632,-118.192928207294,712.733362002484
RSVY,34.5414780939031,-119.184439008666,987.427209327391
RUBY,40.6172094523498,-115.12283674103,1881.75530336694
S300,37.6665075860005,-121.558271117165,495.757420106208
SA06,43.756845154,-71.690501065,166.3698
SA56,45.950137918,-66.642338039,24.3847
SA58,45.424155302,-73.937640702,24.5221
SABD,40,48.476,-9.807
SAJU,10.0671219350462,-85.7105569735745,73.8284735159034
SALN,12.6176848696488,-86.8560528691945,535.000202254635
SAN0,12.5804508315263,-81.7157212947398,10.1322803509577
SBCC,33.5530023700548,-117.66149075547,88.6821587648181
SC00,46.9509239761588,-120.724611134104,1178.40064024949
SC01,34.0679524758679,-106.966544168131,2097.40665331268
SC02,48.5461941627326,-123.007611553395,-15.0207302353562
SC03,47.8165868236355,-123.705738386016,2018.51298062625
SCBY,80.2601331044309,-59.5936233631141,544.412555531996
SCIA,34.6074476179115,-117.388303904727,831.45833579478
SCTB,-77.84898556,166.758018,-18.926
SCW2,12.6965747363708,-87.0208885479676,873.311291356853
SDEC,-0.2217,-79.2628,429
SDHL,34.2550111557595,-116.278899574908,835.079060754177
SDLY,-77.1353164491,-125.9745976693,2099.187
SEAT,47.6539765632402,-122.309476907862,44.2216499169973
SEDR,48.5215571748875,-122.223849045797,29.8464395486881
SELD,59.4457073861458,-151.706672241779,20.4958171956097
SENU,61.0695804593401,-47.1413167609584,667.027264131765
SFDM,34.4598071235149,-118.754510787382,291.534737716203
SG27,71.3228928909674,-156.610333294074,9.37438688197529
SG33,31.7729023965413,-106.506309139923,1210.51576798435
SGP1,-65.55704,-61.72163,241
SGP3,-65.94138,-63.58805,1662.6
SGP4,-66.68596779,-62.46019234,258.452
SGP5,-67.28197,-64.89056,273.169
SHIN,40.5916784629029,-120.225046095768,1377.3363339728
SHLD,41.8683667205957,-119.015686713578,1457.55608049951
SHOS,35.9713449053196,-116.298986320221,582.41071319513
SHR1,34.335,-106.745,1577
SIBA,27.726127,68.819582,26.562
SIM4,27.16573,84.98523,140
SIV1,40.876827,28.972703,3
SKYB,34.4386253952442,-118.478633313426,520.257466135178
SLAC,37.4165194298373,-122.204267563,63.6749905062423
SLBL,27.619,85.754472,1686.4
SLID,39.3142774420091,-119.884290452307,2902.53779803458
SLMS,33.2922283246044,-115.977844481522,-45.9058127026778
SLTR,-75.09816,-113.87955,513.5
SMEL,39.4256429845923,-112.844929894378,1422.15531952834
SMM1,72.5796381241451,-38.460470560589,3258.61324465251
SMM2,72.5796450651671,-38.4607648140275,3254.91321151147
SMM3,72.5729527857772,-38.4703547151041,3265.86608047303
SNDL,27.38472,85.79861,2006
SNT1,22.2522,89.805,0
SOG1,-54.8744,-36.0434,85.4
SOG2,-54.0033,-38.0481,205.7
SOG3,-54.494,-37.0375,52.7
SOLD,-36.70001806,-73.13778342,108.198
SOMT,34.319941551072,-119.064337426925,464.252653132734
SONG,33.3807511446115,-117.560264335646,-2.9243428602814
SPBH,29.80190488,-95.51503587,5.7485
SPED,18.4610158573395,-69.3055730158646,-22.1060578810847
SPGT,-64.294739,-61.051637,15
SPIC,39.3062137474489,-112.127477122839,1670.42687196405
SPMS,33.9926560658855,-117.848779564423,207.044562531217
SPOL,40.1229,-104.891,1531.34
SPW2,32.86690712,-117.257074548,-21.2564
SRMP,72.9106782160798,-54.3937093805039,370.533853186298
SROD,19.4752509378545,-71.3411615907503,98.7953573314961
SRS1,34.004338708797,-120.065225978315,68.2310296107629
SSIA,13.6970856735007,-89.116594475124,626.675766764363
SSPS,24.28193,91.89505,-13.463
STEM,61.549643,-149.326944,42.764
STEW,-84.187,-86.2473,1582.5
STLE,36.0892874388267,-89.8575650047348,50.3570814752818
STSV,39.147975,16.91515278,348
STVI,18.3400957876,-64.9744464000321,-21.4549847487247
SVGB,13.2745933649857,-61.250318506977,241.110343602852
SYBC,27.81424,86.71246,3794
TANZ,-6.765585995,39.207924697,70.5958
TAXI,14.0347873894397,-90.4652813053307,47.274077229114
TBLP,35.9174117045445,-120.36033928656,937.542460991731
TDAM,29.31405674,-94.81695201,-2.8624
TECF,12.6030983623847,-86.8383094553355,862.78497335171
TECO,18.9845545295617,-103.861020924574,213.260331278323
TEDM,23.354,93.649,1733.384
TEG2,14.0900740008548,-87.2056441633484,951.341575100877
TELN,12.6064057270108,-86.8348071708993,891.599140904135
TEPE,41.056,28.5147,124
TGDR,18.208046960604,-71.0919594544421,-27.1773104340547
TGMX,20.868116279869,-86.8668549589736,-4.62700755508762
TGPM,9.35086561092867,-82.2577171847058,12.3994876986936
THCP,35.1581831329601,-118.414574203447,1652.41309415916
THKG,23.202,94.61,270.593
THKK,22.999,95.154,161
THMS,33.5496387477741,-117.766799685131,189.234328977986
THRO,-79.126128,-28.31825,1070
THUR,-72.53007,-97.5596,212
TIMM,62.5355432617764,-42.2861525195426,313.313035269125
TJRN,34.4834768342164,-120.13256801532,157.179651479381
TLK2,68.62804,-149.595423,727.86
TNAL,19.1187159780298,-98.655238272214,3987.288326715
TNAM,20.5356388971753,-103.966822751983,1222.82699542169
TNAT,18.1301789582399,-98.041130380711,1301.02532662688
TNBA,28.9719171116593,-113.547280985962,-30.0556829492821
TNCC,18.7910828005661,-103.172955682419,1074.28774591542
TNCM,19.4981384680308,-105.044827708498,83.1164091029599
TNCN,18.5537536651717,-101.970819650256,331.706168857667
TNCT,19.6811356873041,-105.25876980731,-8.64178877041774
TNCU,28.4505547413599,-106.794049614193,2106.97982648392
TNCY,16.058535410146,-97.759147924318,27.0609159993241
TNGF,19.3269412949499,-99.1760456957518,2273.96595377154
TNHM,29.081311931889,-110.970304731785,174.293414540426
TNIF,18.2715050585961,-101.895608773548,282.243473415066
TNLC,19.5061118825373,-104.549229980635,267.889823333978
TNMO,19.6487529251386,-101.227844952587,1965.85315627141
TNMQ,16.7102813157031,-98.6116305564073,407.272108756433
TNMR,18.2884799121525,-103.345529303803,41.30818
TNMS,20.5347698738115,-104.796697956522,1221.91455587037
TNMT,19.5857190255719,-104.274119070347,1933.65947178369
TNMZ,19.1235847108707,-104.401541006873,-5.7689645379974
TNNP,16.1204506595112,-97.1418886212125,492.781974925787
TNNX,17.4075717418162,-97.2238992479046,2123.12049676697
TNPJ,15.7046031130559,-93.2188976275957,63.3418
TNPP,31.335518614498,-113.631637107233,27.6581799253633
TNSJ,16.1724203731063,-96.4895364559782,2741.80359783417
TNTB,25.6058601845958,-109.052725615879,69.1222828968309
TNTM,19.2391486536587,-104.789917941414,12.7712739886857
TOCA,-30.658798,-69.436602,2619.1
TOIY,39.5421722261373,-117.049409675878,2299.0693091906
TOMO,-75.8018888888889,-114.661777777778,1170
TONO,38.0971933399725,-117.184042719363,2066.02645375796
TOOL,68.62753615,-149.59775496,739.958
TOST,34.2479582715761,-118.836669354379,274.371252091808
TPW2,46.2073726746443,-123.768364043516,-14.9462634100587
TREO,64.2770697911872,-41.3750789484764,121.947522332879
TRND,41.0538869104603,-124.150867765815,78.1732575008549
TRNT,16.7642841801961,-62.1632947619923,-23.3248950613855
TRVE,-69.98882,-67.55471,1064.3
TSFT,29.80628563,-95.47996321,-1.6393
TSFX,30.9339279709343,-114.810639089245,-7.08202671142159
TSWY,43.6740891738819,-110.597478302661,2190.73127105856
TTSF,10.2767053348878,-61.4655032309589,-3.11926161668553
TTUW,10.6395379868817,-61.3990846585526,-7.47252555901792
TUNG,40.4032005296226,-118.257507047597,1414.77300093153
TVRN,39.4314,16.22635,197
TWHL,47.0159050577304,-122.922876469756,107.295002266049
TYLG,-77.72567,162.26508,86.6
UAGU,21.9185037243279,-102.314967720305,1859.15533490557
UCOE,19.8131802708953,-101.694422534626,1975.27345821974
UGEO,20.6937797142009,-103.351071125015,1534.61910175829
UH01,29.722464,-95.345397,13.5
UHEP,29.719465,-95.327124,-4.5
UHSL,29.574686,-95.651539,17.1
UNPM,20.8685027628365,-86.8681752068046,-0.433840154789176
UNR1,36.2472955092546,-115.242730207785,686.460360366701
UPSA,39.6271116820784,-118.802282172332,1233.28274999963
UPVK,72.788289225,-56.127998542,165.9976
USGC,33.0300652363927,-116.085338491423,133.451702953017
USLO,35.311807001739,-120.661098040657,134.639115960761
USMX,29.82165353525,-109.681050795877,625.485888571318
UTHW,-77.58211,-109.0439,1303.49
UTMG,62.9272065085893,-43.3064214845524,1471.14638130907
UTON,19.0334473235472,-98.3162412020616,2157.36654187842
UXAL,19.516357845757,-96.9247579007304,1362.9923595065
VCVL,38.3945306072917,-121.946943004792,0.369470373821474
VDCY,34.1785673120643,-118.220004449691,318.186470539334
VDPR,10.4358063580534,-73.2478263672463,142.540309792775
VERA,10.8536184730654,-84.8690409311923,64.3474071990873
VFDG,70.2999235089786,-29.8176421311572,1293.53601839193
VIMT,34.1264499397098,-118.514418015245,553.71447363404
VL01,-72.45013832,169.72507467,596.8716
VL12,-72.27446,163.72704,1984
VL30,-70.5987,162.5251,1498.8
VLCN,8.78514286328503,-82.6387992465417,1442.57461409628
VLDR,-30.165665,-69.475537,2888.2
VMAG,9.28674241688586,-74.8473192565894,61.1426474953875
VNCO,34.275767407309,-119.237674255855,25.6389020222811
VNCX,34.293194976145,-118.484544417053,328.60604699059
VNDP,34.5563145733691,-120.616456077115,-11.5105389038582
VOIL,18.5286780022724,-72.3086049015956,240.600632627575
VORA,7.81844128538146,-76.7218065396523,23.5435902482196
VPOL,10.7937728299724,-74.8608448441391,89.2380832616171
VRAI,9.92484855682578,-83.190638950678,438.370928291257
VTOR,33.2250165880366,-117.193189111606,379.929430890717
WAAK,61.567897,-149.553611,111.553
WAI2,-79.467618312,-112.053599713,1769.341
WCHT,29.78282771,-95.58141665,7.5437
WDVW,29.790394,-95.533072,0.1
WEPD,29.687731,-95.228731,8.5
WGPP,35.010849466786,-118.983691659435,352.000430952425
WHTM,-82.68324,-104.39317,2350
WIKR,63.5527265625439,-150.922213465091,1188.76492220446
WILN,-80.0398,-80.5579,668.7
WIN2,37.6526529081269,-122.140632363534,-27.6336058577375
WINT,37.6526454261925,-122.140572308814,-28.7806579540557
WKPK,34.5685004176178,-118.741521755911,1208.92910289199
WLCH,-70.72935375,-63.82040849,1534.166
WLCT,-85.3692,-87.3925,1849.6
WLLY,-77.8675,166.91875,-35.2
WLLZ,-77.867631,166.919812,-32.1635
WLRD,-80.54411,-96.6377,2316.9
WLWY,44.6395173727423,-110.286656671396,2643.09384759338
WMOK,34.7378934309728,-98.7805263934159,467.409692496015
WOMT,34.66901473225,-116.931668132206,1353.04433872573
WTHG,73.9551992124326,-24.3089219669728,1109.89353881415
WWAY,-81.577,-28.4027,1195.388
YBRA,45.1221,-109.2674,2072.518
YESX,28.3783361558172,-108.9196390692,1506.48700283571
YMER,77.4328952552922,-24.3263287214983,1070.06824946226
YUMX,32.027692,-115.199203,-30.2
